,counts,index,id
0,11.0,1227,15a491e20
1,4.0,13478,2b9fd4034
2,8.0,3020,53037f091
3,3.0,14106,4db45721a
4,2.0,5084,8a3bb842e
5,13.0,8356,732fa3cb9
6,12.0,9646,353c89ed3
7,4.0,5926,222a3f408
8,4.0,5297,d99012d9f
9,6.0,10072,0aa2ce4a9
10,11.0,5850,8f13a2d89
11,8.0,1058,11ad894e6
12,6.0,13945,edd8e11d2
13,4.0,4296,de92761ef
14,4.0,14564,3f4d6a956
15,0.0,8702,ca5a9ff9c
16,3.0,2784,e22b9edd0
17,1.0,12544,827ac9a9f
18,1.0,6351,43ea3193d
19,2.0,1664,70fb603fd
20,2.0,4805,7727b4dae
21,20.0,13260,6261c9966
22,1.0,375,75bbaa3fa
23,5.0,10902,aa3ee9d0b
24,5.0,10722,150bf58e2
25,4.0,12428,b516f3b82
26,4.0,14380,2a9223451
27,10.0,1118,8eb134074
28,1.0,3643,0fa25b7e5
29,5.0,5543,e9b1363e5
30,1.0,7092,52d65015d
31,5.0,407,301e16ab9
32,18.0,11554,401fcc4c5
33,1.0,13633,c7f9361f9
34,1.0,13706,8fddd8a5b
35,1.0,9754,af8138fea
36,4.0,10386,cd091f4cf
37,3.0,2593,10ae2697f
38,1.0,3731,8f49d2828
39,3.0,6199,0e107c82f
40,1.0,2702,d3c79cf76
41,4.0,4199,7c9e28902
42,1.0,6919,f91ffd577
43,2.0,2104,1c67c5f4c
44,1.0,1625,8e3fba2c2
45,2.0,8089,d3dbf1e95
46,2.0,5234,d3e488484
47,1.0,6240,c40b30ff3
48,4.0,12698,02401db5e
49,2.0,4126,05486faf5
50,11.0,13753,337405507
51,5.0,12473,553752e54
52,1.0,12953,4dd89c859
53,1.0,8183,7bf11fd4d
54,5.0,5532,18810b958
55,5.0,8252,6d5afdb0f
56,9.0,1573,bee25f46d
57,5.0,34,4c6fe4100
58,0.0,3006,c1d58a395
59,5.0,5615,a97467fb6
60,3.0,2945,55b797c90
61,1.0,6364,7d6cd8ac7
62,5.0,13884,b268202d8
63,8.0,8077,d41f2a466
64,3.0,5895,e77941c00
65,8.0,11518,763264fa2
66,2.0,7579,04a555b91
67,3.0,6624,dd3c902ae
68,11.0,8654,128b247b8
69,5.0,13445,4b932ab38
70,4.0,13774,2b1582f99
71,3.0,11933,a3a0fa212
72,11.0,5165,d17892c89
73,5.0,7749,dd4196a55
74,3.0,11979,96cf0efdb
75,11.0,2613,8a9465eee
76,1.0,3836,d0e762abd
77,2.0,12208,0bd394ec8
78,1.0,12978,38f6d8ab9
79,4.0,1945,c44a94d4b
80,2.0,6957,c14530f38
81,1.0,6621,951d3ae42
82,6.0,7704,8d76a1b7f
83,2.0,2013,53ac79c6c
84,14.0,4113,9f12dbf17
85,5.0,7459,1819e298c
86,5.0,5969,018188075
87,5.0,5419,351eefe3e
88,4.0,6251,5edf4d9bb
89,2.0,9338,97b0b5d92
90,6.0,12203,672e80119
91,2.0,4685,26dfe8b29
92,7.0,923,3d3aef491
93,1.0,11004,b26bf64a6
94,1.0,14992,a83d95ead
95,5.0,11463,cd565b4f7
96,3.0,2271,fe854f6a1
97,1.0,8136,755abaa79
98,2.0,1110,abdeff83f
99,2.0,4371,8d7eff0cc
100,5.0,3209,65e75b92e
101,1.0,7947,f15a31a01
102,12.0,12268,d92c5c2df
103,5.0,10159,3eaa698d3
104,4.0,1779,3ecdd4122
105,1.0,4308,09f6e29b8
106,1.0,11838,c1680e63c
107,4.0,2629,112ae92e0
108,1.0,11059,a12589a09
109,1.0,3573,e65daf4dd
110,8.0,587,8dfe4da6a
111,4.0,13499,20fee2991
112,1.0,204,c7b468b32
113,8.0,5223,c5f1eb8b6
114,3.0,4216,08267e916
115,1.0,8657,a90da3a12
116,3.0,6247,4212729be
117,5.0,5705,7342eafeb
118,2.0,12932,ec5670386
119,3.0,2884,32d8fa52b
120,2.0,10248,79e0ef004
121,3.0,5100,6d87736bc
122,5.0,6313,6dcff2b5b
123,1.0,3342,3e924d284
124,5.0,13548,ee2def69f
125,7.0,11400,9feae89ad
126,2.0,11779,ef30ade75
127,5.0,141,2ac4dd8c2
128,1.0,967,4d20f6163
129,0.0,11723,de0202010
130,3.0,1522,e58eb3249
131,2.0,8338,1803e4c27
132,5.0,12805,e994888f3
133,1.0,6490,bee984e11
134,1.0,5196,83f13202e
135,1.0,3689,75758ad3f
136,1.0,227,60b9421cc
137,0.0,12261,e0d71d1af
138,7.0,6864,36edc334e
139,1.0,4465,1ff148919
140,2.0,3662,ee63ca0b4
141,1.0,11617,b4f22a5ba
142,3.0,9137,ae946bb63
143,1.0,1715,9ef11ed6e
144,2.0,218,74e316be1
145,9.0,13991,84ce5f32b
146,3.0,5466,4aa44d3c9
147,1.0,5158,89bd573e1
148,11.0,4655,fcc138c39
149,2.0,4357,bfa9377c9
150,2.0,4440,acc76c678
151,1.0,6988,f66357936
152,5.0,6172,a9e753cc1
153,2.0,11781,bdeeb6fe2
154,4.0,14236,634f65242
155,12.0,13824,aeda0ac0d
156,4.0,9969,388bb6170
157,5.0,4077,6708ff204
158,6.0,706,b8d07c37b
159,1.0,3739,6090e5de6
160,1.0,11250,ab67afee5
161,1.0,4130,2cb1d59ad
162,1.0,29,d341fbfd6
163,1.0,6500,1633b105b
164,8.0,14609,859b1b236
165,2.0,2491,805dcae38
166,1.0,11831,d147c39fb
167,7.0,3328,6f7d23e2d
168,4.0,3181,eddd81378
169,7.0,12934,d4b4f217f
170,9.0,13319,8f38dbd18
171,1.0,14800,1d0a5c20a
172,1.0,1441,fc8220250
173,20.0,5522,eda8eecc6
174,8.0,5421,92ee6241d
175,4.0,3943,2d9dd14b1
176,5.0,11222,e73b8f98b
177,2.0,6168,eb9b9400e
178,5.0,10291,fd8f64c6d
179,3.0,9809,e9a47e731
180,5.0,11142,823d5bd7e
181,1.0,7410,da84db2f7
182,6.0,7603,0d4e58071
183,2.0,6044,b525ee190
184,1.0,11305,239844635
185,1.0,5019,49f06aa59
186,2.0,13179,440ab06be
187,1.0,5739,f5e793c38
188,4.0,9721,6d474edc5
189,5.0,12822,3122253f4
190,1.0,12910,b100db162
191,8.0,10199,9fdb3a2a2
192,1.0,5496,7a7153881
193,6.0,1643,2469e58fd
194,1.0,7952,b1170cc46
195,21.0,5296,eb64e3d68
196,10.0,5277,a63f6c6a1
197,3.0,7527,74c161846
198,3.0,3918,788e8757d
199,2.0,7932,36681d1d5
200,1.0,10098,0a6362374
201,3.0,7733,4b1f93aac
202,3.0,11384,abd7dcf2c
203,5.0,12990,380e603cd
204,1.0,12500,33f28ad35
205,2.0,7928,8573077f3
206,2.0,2824,ae9a09ad6
207,3.0,8663,b9086e44f
208,2.0,1578,51d3a70bf
209,3.0,6840,6e14e0fa4
210,6.0,12686,b65fd06e2
211,1.0,12526,686b90dfc
212,1.0,11758,44ddc2e22
213,2.0,2462,b6106ecb8
214,2.0,1318,f6c91bc20
215,4.0,10946,c7f20f68c
216,1.0,5727,89d4cef63
217,3.0,8672,a88845c74
218,8.0,10371,42dd3f3ff
219,2.0,6501,df2d9957f
220,6.0,12401,ac384792b
221,9.0,5632,5b729ae6c
222,12.0,1762,e30182214
223,2.0,12406,e9a854207
224,6.0,4143,3fa0de4e4
225,2.0,3102,3cb6e5957
226,4.0,1667,f96ccddd5
227,1.0,2674,37d0748c2
228,2.0,1046,7d526090e
229,3.0,4478,f83096577
230,4.0,755,391e0cefd
231,2.0,7628,a8cfbf446
232,7.0,1330,b421d0d48
233,5.0,2899,fbc0c9535
234,1.0,9742,0d873789a
235,5.0,11126,4cc67e8b3
236,4.0,11711,2f03dc1f4
237,4.0,10389,f247a5242
238,3.0,9600,409d5bc3d
239,5.0,9992,9882871d9
240,1.0,6237,1a2816f0f
241,1.0,2706,e58bc75d7
242,13.0,12080,d6bd8b0f6
243,13.0,7756,105c00abe
244,12.0,7474,ec8411943
245,2.0,11249,9430042a3
246,4.0,6393,9d03d5988
247,1.0,5394,f2aac285e
248,3.0,12534,a3449e0d0
249,1.0,13619,79ac40056
250,3.0,9708,50fc25dbe
251,2.0,5555,c397b09d8
252,3.0,3120,4657ae5ac
253,3.0,3150,419267690
254,5.0,8353,c87f6d0e4
255,12.0,3831,d2dbe8b09
256,4.0,5734,ef50eab33
257,5.0,11191,87f75c842
258,8.0,12042,63e388a8e
259,4.0,9697,7bfe95866
260,3.0,1892,c458c51c0
261,3.0,11000,662564431
262,3.0,8230,31dbaafaa
263,15.0,12793,93329ec1a
264,14.0,12938,7c9dc0791
265,1.0,7414,1cdf69df6
266,6.0,555,33d3738f6
267,3.0,6403,a31b05e99
268,3.0,3112,e995f65fc
269,3.0,11901,23f45d56f
270,1.0,12405,d867c4016
271,4.0,6583,27aa5bbfe
272,2.0,105,5247209aa
273,5.0,14454,5b07e0e6a
274,2.0,8594,f559980ed
275,5.0,12833,49303270e
276,11.0,3219,27e74e45c
277,3.0,4827,0ede86b28
278,4.0,3754,de884d234
279,0.0,9833,7f3781bec
280,6.0,2238,a6593fb48
281,3.0,9419,df4d893b9
282,2.0,11170,836b6e6f3
283,4.0,7455,083787e4a
284,2.0,12924,1fe400328
285,6.0,13780,850b0f686
286,7.0,9523,18553e89b
287,5.0,1082,b75594e30
288,3.0,11719,6471c7195
289,3.0,14043,8f22842c0
290,1.0,14825,546aef659
291,3.0,96,5e4154870
292,7.0,14513,54ab4b5d2
293,3.0,9775,549c35706
294,4.0,2698,b03336851
295,7.0,228,72a7cb335
296,4.0,890,80ae0a34f
297,1.0,2866,8ee8b9d0f
298,1.0,7420,5daea1779
299,5.0,2471,4525391a7
300,1.0,9802,d1ef0568d
301,4.0,12594,36dd5c626
302,1.0,3424,7ef23b94f
303,4.0,11278,3859838cf
304,2.0,9417,5b8610245
305,2.0,3770,dd6cb40d8
306,6.0,2817,83d36f269
307,17.0,9084,4040a04bb
308,1.0,4171,cc8459867
309,2.0,5830,ab519bf92
310,1.0,1427,04e829d49
311,3.0,10477,31a77d7ba
312,3.0,12421,95bf103d8
313,6.0,10167,9c777bb01
314,9.0,964,a92b06d0f
315,11.0,6290,4f66a72ef
316,2.0,14960,91bcb5a0a
317,5.0,13872,603e173e1
318,3.0,548,23d2b8824
319,2.0,6800,1082982dc
320,4.0,5324,bc0a5524c
321,27.0,11363,b23e29c89
322,2.0,4929,4bd8b2b8d
323,5.0,12312,da7fe1120
324,2.0,13601,261fc97ec
325,5.0,11153,1a61a5963
326,4.0,4049,6c1fa0fdb
327,3.0,9905,6dd6775e2
328,3.0,11421,487f74408
329,6.0,3287,a0124e47a
330,1.0,5067,f618c35b8
331,8.0,12654,aef2fa931
332,6.0,12005,45a59c4e9
333,4.0,2288,7d11f10b1
334,2.0,732,7ca780c35
335,3.0,5536,b210e38f0
336,1.0,80,ff125cf8d
337,5.0,3889,9b0f69f61
338,3.0,9746,fe879c04e
339,1.0,3039,c47497b30
340,0.0,1867,70335663e
341,26.0,5520,1cdb5d61f
342,1.0,7094,97f8880f9
343,3.0,7309,a5965cea5
344,7.0,7862,8bd033254
345,1.0,14104,ab083aa2a
346,5.0,8286,307c5ca84
347,5.0,6311,4792b6d06
348,5.0,6688,ae3a99b36
349,4.0,4321,a970b89c7
350,3.0,6459,f6e07783c
351,9.0,8247,22ff7ca25
352,0.0,7152,d24c7ab5b
353,9.0,5920,86fe4ed68
354,3.0,5060,32f29129c
355,14.0,1655,31da37bc0
356,0.0,14985,e7f7066b6
357,1.0,68,98a98311c
358,5.0,14041,1ea31c6df
359,1.0,859,eea72fce5
360,4.0,6671,a12bb119e
361,2.0,4677,e58dde7d7
362,4.0,6795,945346188
363,3.0,10363,2023404f9
364,3.0,6979,fda1395ab
365,3.0,12552,3ac0662c8
366,6.0,9259,271712276
367,1.0,14763,2416a2da1
368,1.0,12136,885c668e4
369,7.0,5583,9ea3739e8
370,2.0,6079,0118db3a8
371,5.0,14544,08006836a
372,9.0,1013,50361acf5
373,0.0,591,f2b656028
374,1.0,6265,46cf6356e
375,1.0,12759,ff9ce365b
376,2.0,240,a88d34ee3
377,5.0,9009,9e4420002
378,2.0,13334,d43335198
379,3.0,2626,694b994c8
380,2.0,314,e9cf01a21
381,0.0,5090,a6fe8b174
382,8.0,9453,8969b314b
383,5.0,2926,22992ecd0
384,2.0,7311,d90bd59c3
385,6.0,909,b90e6ec69
386,1.0,10708,44da8c2a0
387,2.0,10011,acfbc9b71
388,3.0,11820,9b6883f3c
389,5.0,5193,ac3a5c473
390,6.0,6608,0af685a60
391,5.0,12892,5b554c6e3
392,1.0,6340,25d4c7493
393,2.0,11448,f895c20f3
394,5.0,13362,163133ac9
395,1.0,9621,69275e62d
396,14.0,4063,6138cd70d
397,10.0,3010,5b22f97b3
398,3.0,14045,db4165316
399,8.0,6550,f50997846
400,3.0,1126,4d6a996c1
401,3.0,9808,7595f467b
402,14.0,5167,09ca98f7b
403,2.0,10458,2cf4d18e3
404,4.0,8225,7133307db
405,9.0,9080,6f08386f4
406,0.0,8755,94d5ded81
407,11.0,7777,a89005005
408,2.0,1509,04a6267e4
409,6.0,14678,394c13865
410,5.0,13316,ee36e2198
411,12.0,12259,267162afd
412,8.0,2004,ab385bfae
413,4.0,11765,0090eb457
414,5.0,7182,1e83794bd
415,5.0,4654,9fb8e5e73
416,3.0,13254,05aad3b3f
417,2.0,3585,14e52bdaf
418,5.0,6504,20e46cb8d
419,5.0,10900,a9ec75efb
420,3.0,8084,8e8779496
421,1.0,12107,acf573d1c
422,6.0,2586,d1ef3e54a
423,4.0,12145,3f0c30d12
424,6.0,3600,4c26cf05d
425,4.0,4736,a00eaa0fb
426,8.0,9008,122b47acc
427,5.0,13763,69c9ba4b3
428,4.0,6532,249b350de
429,4.0,2754,d946f7a55
430,3.0,128,6f0cb510a
431,1.0,1619,c06b6d8bf
432,5.0,1109,44b6a5b46
433,5.0,9389,2716a01b4
434,1.0,6935,3002577b8
435,1.0,14237,196d58932
436,5.0,3046,4b69bf0e7
437,5.0,14895,02c40b53c
438,2.0,9564,c2cad7ef6
439,0.0,12530,22a91e143
440,5.0,9112,3033b66f9
441,5.0,7191,2ca38a180
442,3.0,6773,fdd77ab31
443,9.0,261,2e3bfe5a9
444,3.0,3494,60f513e5a
445,3.0,8423,20c3c2ba7
446,3.0,14174,3695274de
447,3.0,7957,edfe1377f
448,19.0,4288,e4afff6dd
449,0.0,14418,f0193b572
450,1.0,386,58a10d0cd
451,5.0,7249,8c7949266
452,0.0,8714,f348564a5
453,2.0,1585,1667eb8a4
454,1.0,5001,8106b5f6f
455,4.0,501,044548f89
456,11.0,4445,c3a52fbbe
457,6.0,10668,3d8a35224
458,4.0,3519,c148399c0
459,3.0,6584,a1769f482
460,1.0,14457,0bd83ba72
461,2.0,4851,07877aea7
462,5.0,9995,c37419ab7
463,6.0,3698,b129e668c
464,4.0,4127,e5115cce8
465,4.0,8825,e73146163
466,1.0,10303,762a1ef1a
467,9.0,8121,94b587221
468,3.0,2352,933b2b3d4
469,2.0,1125,38e12233c
470,5.0,2995,c2e4ec0c2
471,8.0,14817,fd7c54ba8
472,5.0,14527,52ad1225c
473,16.0,5443,254dd6ba7
474,13.0,9046,1de2c7e27
475,1.0,4363,7438f5d52
476,5.0,3229,1db76bd72
477,4.0,14882,fe1edf930
478,6.0,5629,dd201c041
479,1.0,8801,9a4bbdd8d
480,10.0,10466,de591574b
481,3.0,11166,0f27a7baa
482,2.0,2542,ac0cedc9c
483,3.0,12154,57abbd25f
484,11.0,896,d6e342121
485,2.0,5859,6efbd2584
486,1.0,1761,66b978701
487,3.0,14450,0f15ed6ab
488,1.0,7432,0e920f96d
489,1.0,11001,abe27623b
490,4.0,2557,48769873a
491,3.0,6107,ee3b21a9a
492,8.0,210,4f0eacbdd
493,2.0,4056,8d32f11b0
494,1.0,11018,d08efa704
495,6.0,7591,e3acd4da3
496,2.0,871,8c17f26c4
497,7.0,3397,06daf9c05
498,7.0,13938,95914d469
499,1.0,3614,f7b67fd7f
500,6.0,8336,e8be13bdf
501,3.0,9572,3facf6055
502,3.0,4347,9166a802a
503,2.0,4309,ea062393d
504,5.0,12586,6fc1c066e
505,5.0,1709,8c5bf2766
506,6.0,13733,71a92867d
507,1.0,9173,ec322a0f2
508,4.0,8781,f2a522324
509,3.0,10351,0659c05d5
510,4.0,8017,0b04b1c7a
511,1.0,10656,b072dab16
512,3.0,6645,4fbe0c2e5
513,2.0,7617,84222fa53
514,3.0,1141,952501bdb
515,3.0,13629,fd015c129
516,5.0,2960,99459c30d
517,2.0,1824,a7a28b4f4
518,5.0,10771,df89a82ab
519,1.0,3346,c4a3c0456
520,4.0,7173,9c26f0fed
521,5.0,11360,25fb57849
522,2.0,1678,919768bb5
523,1.0,10831,1f33216f7
524,13.0,12930,c5b717bc2
525,4.0,3675,56a0c2ccd
526,3.0,7819,98f0a2ac7
527,3.0,4774,29e2ac645
528,1.0,12455,454607f26
529,5.0,4821,a8a2aecc3
530,5.0,4033,10836809d
531,14.0,5254,eaef39ceb
532,4.0,11549,230f695a9
533,4.0,1167,bdd606969
534,2.0,2685,4f18ce587
535,1.0,6443,63df28877
536,1.0,12317,88a5b8318
537,10.0,2051,6c196faec
538,2.0,2253,552ac34a1
539,5.0,6183,54c5d6442
540,1.0,12220,4fdebca57
541,3.0,1152,46b603304
542,3.0,1914,de41ebc79
543,1.0,2153,abf0f2579
544,2.0,8629,348591b3f
545,2.0,5853,e08649ba2
546,2.0,551,fca85f778
547,4.0,8493,7fa3ab674
548,2.0,8263,182aec7a4
549,1.0,3786,c73c8b6d1
550,5.0,8551,da8054bfa
551,2.0,5868,32141c266
552,6.0,14253,f4316f2bc
553,4.0,700,7f8955f6a
554,1.0,13009,9024c21fc
555,2.0,7762,02eb29707
556,14.0,1631,a483f0d49
557,10.0,8053,05f84991b
558,11.0,1702,1238ed024
559,3.0,2851,626b056b5
560,5.0,3487,62da2d031
561,5.0,14040,99cbd42dc
562,5.0,4927,9af3fec83
563,3.0,928,fd279ad95
564,1.0,428,4d999ee22
565,3.0,5648,e7db9c90c
566,1.0,6275,d7454afee
567,2.0,11989,235a61374
568,1.0,1445,9f02a1c14
569,2.0,9414,16ce3524b
570,3.0,2616,05febeea3
571,1.0,5400,3890935ed
572,5.0,12117,18e41c818
573,6.0,6100,3c6329c92
574,2.0,10707,ffd697903
575,2.0,3048,62613fb88
576,12.0,7564,0adebbf21
577,3.0,7142,b56b73e4c
578,3.0,12020,3eaae43f3
579,5.0,11672,b9893e2fb
580,3.0,455,92b89a666
581,1.0,14402,299e17017
582,1.0,1665,49c8a0216
583,1.0,5931,1de8d0099
584,1.0,13451,e7e2b4c4c
585,4.0,7445,fb1adae2d
586,2.0,5310,a3eb4fe4d
587,0.0,4507,a6e33dddf
588,2.0,8412,0c64a0f1b
589,3.0,5934,3ded98af9
590,4.0,162,d7f938acd
591,5.0,12052,56c329fdf
592,1.0,12078,771156bfd
593,1.0,12665,fc96276a7
594,5.0,6301,532396459
595,2.0,11093,d52c77d14
596,4.0,4331,975d32d75
597,3.0,10408,303696f08
598,2.0,3630,bbf6ed419
599,8.0,13293,c0677007e
600,9.0,3676,bf9ce53b3
601,8.0,13427,bd331b74e
602,1.0,9963,9da5c9d23
603,6.0,7909,72626612c
604,3.0,13437,061f6b476
605,4.0,425,c7575df7b
606,4.0,14673,b01c8995e
607,2.0,13012,2b4003be8
608,5.0,6907,ce18c7a4b
609,1.0,7871,07d2a9eff
610,1.0,8693,319e533b6
611,5.0,13500,baa4b862f
612,4.0,6801,6517af927
613,4.0,8965,429df135c
614,6.0,6128,0d34bfde7
615,2.0,3823,c053ae854
616,3.0,10264,79a6cc443
617,2.0,9286,ed194417f
618,5.0,11173,840bad15b
619,3.0,10115,95cdbaecc
620,1.0,3155,06904db12
621,2.0,968,d6cfa5d4b
622,5.0,12104,5ffd4e822
623,2.0,9181,82ab0ebbd
624,6.0,11178,50af1151a
625,5.0,10962,67839e63d
626,5.0,13509,9d9d9f2cf
627,3.0,3334,e402f3b2f
628,1.0,1894,a4ade8bb2
629,2.0,3835,d77baafda
630,1.0,9143,a6783a1c6
631,6.0,11229,1bf4a2ca7
632,4.0,13868,f2b8dbfde
633,1.0,4581,1871dd283
634,3.0,1396,66f6cd1cb
635,2.0,3242,99c7658be
636,5.0,9434,1043aca38
637,8.0,6724,d8fc9bc28
638,1.0,8655,d7cc44152
639,1.0,157,687e9c33c
640,0.0,14210,40f9864d9
641,1.0,13154,67c9d22df
642,12.0,6906,335f2c11b
643,1.0,10462,fa4314902
644,2.0,14818,e90137a54
645,1.0,13552,53cfa1a3c
646,2.0,4052,72c38b9ab
647,2.0,6281,3264fe773
648,2.0,8236,a6b908d22
649,2.0,3929,907fc239e
650,1.0,2234,5d168f0e6
651,6.0,11822,86c35033b
652,3.0,2654,ef55e89bd
653,3.0,10447,036e015d2
654,5.0,7316,ff498c903
655,3.0,25,cf7d3eec0
656,4.0,4072,243aaaf6c
657,3.0,3933,998de7b77
658,5.0,8562,b085671fa
659,5.0,12879,c9d333b09
660,1.0,10622,3101d2bba
661,1.0,1552,0ce80622f
662,5.0,11402,30bfebc76
663,1.0,975,81b5f684a
664,2.0,14114,36a5b3b3e
665,5.0,11978,c3750cec1
666,3.0,2771,18ee92cdf
667,1.0,12507,2288c4fc6
668,3.0,12870,267f0065c
669,3.0,926,d075365c0
670,5.0,8023,bcec3d919
671,4.0,11784,172305d1b
672,1.0,7441,ed97d1485
673,5.0,5857,ae16e308d
674,3.0,14328,69f4a00df
675,2.0,5441,01f4746ef
676,5.0,6220,2f8471836
677,1.0,4159,cccd87749
678,3.0,2649,74f391caa
679,5.0,12820,b31d0dd8d
680,1.0,4438,54959e674
681,3.0,11730,2d2f6b042
682,1.0,2064,35cc85250
683,2.0,4369,d476272d7
684,3.0,8212,bd485150e
685,2.0,12335,d18218a56
686,3.0,9899,5b928c0a6
687,21.0,6329,1253241be
688,4.0,9831,bac34e381
689,3.0,4678,16dc1188b
690,4.0,14794,7caa6d216
691,8.0,11727,6308b5232
692,2.0,842,4a8caef08
693,3.0,2497,2a19120e7
694,2.0,12505,1d4940497
695,9.0,13690,ff8e4c708
696,2.0,12017,6f94c942b
697,3.0,6016,990eec1b0
698,0.0,3906,cf8325fae
699,2.0,7418,a64ca36ca
700,5.0,13467,a8eed143b
701,3.0,13794,cd8af1bda
702,1.0,2589,7ea900f4d
703,2.0,4267,21e4ca7d1
704,2.0,6273,4efe77aa0
705,5.0,993,4ccb3f896
706,22.0,7654,15a828f9d
707,3.0,3601,4a8dc3644
708,3.0,13239,0340ac5f7
709,17.0,7728,f3629735d
710,1.0,2275,8102d6dc7
711,3.0,3138,ada57411b
712,1.0,12547,8390dbef8
713,6.0,10531,ee9c2fd46
714,26.0,14146,6f665c704
715,1.0,13528,c9feb3eb3
716,3.0,6733,dcc0d8482
717,1.0,4536,469e709ba
718,13.0,6255,be38039cc
719,3.0,8995,8b17616d3
720,1.0,13381,4acf3e30e
721,1.0,9502,4363acad4
722,19.0,12933,13fb61859
723,1.0,4326,7a59ae5ed
724,2.0,3173,24750a30f
725,5.0,14586,1380b76cf
726,6.0,9657,b024a4ef4
727,3.0,14072,0e1b8bb74
728,1.0,32,543130f60
729,3.0,1496,9c95b7659
730,5.0,6185,2b82af067
731,5.0,7365,9cbc1fb81
732,7.0,6826,ab9dd85b2
733,1.0,11613,006610fe3
734,0.0,2571,576dcc546
735,7.0,10087,d16562746
736,6.0,12440,28c4588e5
737,1.0,10091,9242ba394
738,13.0,9473,5d517a321
739,12.0,6052,578880eb3
740,10.0,4545,554c80a2a
741,3.0,8581,4bef58278
742,1.0,8276,dcf366e02
743,1.0,13071,8300e943e
744,5.0,4619,5f20dde82
745,3.0,2907,e5cf352b2
746,8.0,10425,b412a3f6a
747,7.0,20,6436c1a59
748,8.0,10108,0c5d5968b
749,2.0,5746,02af3813e
750,2.0,12060,9e046289f
751,30.0,9573,2d06250ab
752,1.0,4549,a120cae65
753,6.0,14222,11b3fd45f
754,3.0,8607,518384a79
755,2.0,3592,6ef7f0012
756,5.0,12359,40276ec6a
757,2.0,1843,ae0a993ac
758,0.0,2603,040d87bbb
759,6.0,13613,127daa5e3
760,5.0,3749,c2bc9cfc3
761,1.0,8385,f45457bdc
762,4.0,6851,8bc07d296
763,3.0,388,30ea81bac
764,5.0,8278,bea48a6a7
765,1.0,12128,dcb42ee1e
766,15.0,2513,92f84c5b7
767,2.0,6747,88876f4d5
768,3.0,14363,1d79d37b3
769,4.0,8224,087fbda7e
770,3.0,203,65d10be4d
771,4.0,2083,2dd31e8ff
772,2.0,13907,2e5d8fd10
773,1.0,3721,27ab49f1a
774,1.0,1743,fd2cc8576
775,2.0,2969,fa323e99f
776,1.0,13966,b517c8c90
777,2.0,3921,68936da8c
778,1.0,10047,07c284733
779,5.0,11281,410490c8d
780,1.0,6065,55553842f
781,4.0,1696,241b90aaa
782,1.0,5120,ef8ddd70b
783,3.0,5033,fed21411c
784,5.0,12471,5776e3791
785,6.0,8832,9416f514a
786,5.0,14455,26a1a063b
787,4.0,13891,fdffad0c0
788,1.0,1444,b593502c5
789,4.0,3161,46bb277b5
790,4.0,5999,7ada9a854
791,3.0,4579,09eca4557
792,5.0,8999,7395e5c70
793,5.0,1882,e5d3151bc
794,1.0,5802,888116751
795,4.0,9699,672cc8af8
796,3.0,13921,b8088575c
797,1.0,8665,1b5fd0e44
798,1.0,9987,8a302ccba
799,3.0,9371,cac71d5bd
800,1.0,13127,076a67405
801,2.0,1081,e5e083218
802,5.0,10372,1027c621c
803,1.0,10704,eb350f2bc
804,4.0,3563,2d2f2a305
805,6.0,4519,a0da2621e
806,2.0,10634,be5f7a129
807,5.0,10701,c14a3ac57
808,2.0,544,1f7d6b89e
809,1.0,14034,e84771c5d
810,3.0,14674,ee9ba4990
811,2.0,671,7667378df
812,1.0,3157,92586e5a3
813,4.0,5779,ce0294cec
814,1.0,10866,76017363e
815,1.0,3411,042b1e55f
816,1.0,7154,9dd3b3bce
817,5.0,14115,f0bfe80e3
818,5.0,3702,2b47d7f0d
819,4.0,6465,a19305a1a
820,0.0,3429,3a39613fa
821,10.0,8675,c320a6005
822,1.0,1274,25c1c662b
823,3.0,2728,9cb525274
824,2.0,9668,f2697fe84
825,1.0,4289,f3551e91f
826,5.0,11552,f54d6a569
827,4.0,3064,25fce0465
828,7.0,14589,1effd827e
829,2.0,7758,f8fb0aa55
830,6.0,14559,f58424835
831,4.0,2447,797725280
832,3.0,5486,26fb642bb
833,4.0,832,d7c661670
834,5.0,7806,c3ed4c50b
835,3.0,7751,bdb5b7ecb
836,5.0,5841,11757c072
837,3.0,5078,0497c5ed8
838,5.0,13701,7af35cc82
839,14.0,2087,869a1634e
840,3.0,4276,2d8ec2cff
841,5.0,6098,a4ebfdf22
842,5.0,5308,78332e36f
843,3.0,7262,88bc9864c
844,2.0,10117,41e4cc1de
845,6.0,13660,482d05dc8
846,1.0,11381,79186dded
847,1.0,12886,209dab64b
848,11.0,10338,c6d378000
849,1.0,7192,3604fc814
850,2.0,3527,cbf20c4b0
851,4.0,14419,48f2b0d54
852,1.0,14395,373f757c7
853,6.0,963,b2a23ac85
854,5.0,14281,7c3481fda
855,2.0,8126,4d98e5623
856,5.0,8372,ad70b1120
857,10.0,4146,3c155d21c
858,2.0,115,1104fe6bb
859,2.0,12916,7827eee65
860,1.0,13839,b65dc15af
861,1.0,14171,edbffc8cf
862,6.0,10802,a65b11deb
863,10.0,14810,ba654b229
864,1.0,6181,9466aa6bc
865,1.0,449,b5df81f99
866,4.0,8120,1e759fed0
867,1.0,11745,189bb90dc
868,11.0,5168,4c6a4b965
869,2.0,6228,3e0d923df
870,4.0,4307,7983db8d9
871,2.0,13094,fffd78a11
872,4.0,87,258667857
873,0.0,10950,d2c9dd7d1
874,1.0,2567,fff6f2f61
875,4.0,1834,829ea64cc
876,4.0,6633,da840f8d4
877,3.0,5022,2e116036a
878,2.0,5810,588ac0ef1
879,1.0,14713,cb14d1ba1
880,0.0,2111,5be134946
881,8.0,7735,a77b63ee1
882,1.0,12192,807ba246d
883,5.0,7785,ae7f59170
884,4.0,10186,c7cfbc8e9
885,5.0,4531,3338e5ec6
886,5.0,4088,cf98480e0
887,3.0,4011,179462b6d
888,8.0,837,2d837689d
889,6.0,10605,2b3387bd7
890,1.0,14693,269db95d5
891,6.0,7294,0abff77fe
892,1.0,5074,abadb839a
893,5.0,5172,ebf5e5e77
894,1.0,13290,a6b5ed0f7
895,10.0,10390,c1ca516d7
896,1.0,3995,3d7d23a52
897,4.0,6518,a0e71d03a
898,2.0,13756,0d508e63a
899,3.0,649,0162634c2
900,5.0,4635,8f45b9967
901,10.0,8894,07cc0ce27
902,1.0,4643,a6610ebd3
903,2.0,5844,b1c66fa13
904,4.0,1850,2831bd2b0
905,1.0,7938,35bd82365
906,3.0,253,752491221
907,1.0,7638,cd067a495
908,2.0,10479,a7baf1366
909,4.0,12094,f87c02978
910,3.0,7104,b6c159277
911,5.0,5620,531f9b184
912,4.0,6193,40b31be60
913,4.0,14681,b8d96cdd0
914,5.0,13039,396a2773f
915,2.0,2028,9d3d3b938
916,0.0,14542,4645fcfae
917,1.0,11350,3ea3cf8d4
918,2.0,8004,86d02f6a8
919,6.0,10775,87e1b0c16
920,10.0,10725,a2fecc9a4
921,3.0,569,439f040ed
922,5.0,5693,8411ba490
923,3.0,1837,6f28d2ab3
924,3.0,2355,d2f216860
925,4.0,10765,36fd9e13d
926,1.0,10490,f8d16f3ef
927,5.0,8221,3edf44325
928,1.0,6013,bb19c3013
929,3.0,4316,dfc3301fb
930,4.0,10867,8de1c1ca1
931,9.0,2366,19904f24d
932,18.0,2084,5b72e14bf
933,3.0,2553,067d0ccd3
934,5.0,4218,9d82e4438
935,1.0,12513,e77b5a78f
936,2.0,4420,7ebdfc3b7
937,5.0,2612,cb0f41a00
938,4.0,11876,6fa5384b8
939,5.0,6114,2c8e65887
940,3.0,3994,b0278d962
941,1.0,2317,7a84326ff
942,5.0,12223,b8c1f4d0a
943,5.0,1595,ea1736eec
944,2.0,5077,e899d33d5
945,3.0,10637,e3749ff79
946,1.0,14031,e27adf529
947,6.0,5013,49c5dbda7
948,8.0,1596,1555b08c9
949,2.0,11015,0cbe33a44
950,2.0,4922,1303e86df
951,2.0,5017,095de41ba
952,4.0,7421,72e9e5442
953,1.0,5941,5183f369d
954,2.0,780,28c005011
955,6.0,13936,ad5692ee7
956,3.0,11536,f48b3cebb
957,2.0,5468,9296eb09d
958,5.0,10834,4e1033fe2
959,5.0,8333,2edce7d92
960,3.0,12123,4b0662306
961,1.0,13970,d2fa0b0df
962,1.0,11226,843738a2a
963,2.0,3810,d61dd6a6b
964,5.0,14330,60923a60d
965,3.0,11351,5f68fcd05
966,2.0,8373,1952397d3
967,2.0,3393,38063ee14
968,3.0,14620,66064ba80
969,1.0,7514,a4c903a3d
970,3.0,10797,33826a08a
971,2.0,490,6b3614a92
972,2.0,7765,eed6f01c9
973,1.0,12785,4931c712b
974,0.0,1011,b0c918c91
975,1.0,10133,379d5e10d
976,3.0,9542,7559336dc
977,9.0,12604,d34b6f762
978,4.0,8163,9862e5dfe
979,4.0,10318,d5c68b3bf
980,10.0,12859,b0084b888
981,4.0,5668,a9fb31e59
982,5.0,1753,3cfec8730
983,5.0,307,0b4bb9906
984,6.0,3425,ebff4722c
985,1.0,8699,4cef5b961
986,5.0,4374,2ea25b63b
987,8.0,8076,e3dbfe4c0
988,6.0,11608,a688a434e
989,1.0,5319,a2c44e0b3
990,1.0,2503,a1188fdb7
991,1.0,9609,27058d03f
992,3.0,5584,0a140a67e
993,4.0,1918,78a8e1b01
994,5.0,78,35593da00
995,2.0,2684,cfd87918e
996,1.0,1525,dfff88c90
997,2.0,4538,175f4a910
998,3.0,7902,f794655ee
999,11.0,10897,23829dc63
1000,1.0,5263,f336dbe0f
1001,14.0,5217,a8cfb849e
1002,1.0,4865,56e91b142
1003,6.0,13584,e5f54d20e
1004,8.0,8928,b18e25ae6
1005,3.0,13646,e0764fb9a
1006,2.0,2562,031a01c36
1007,6.0,1242,63ddd39f4
1008,2.0,9504,903523a17
1009,3.0,8816,b2406f38d
1010,4.0,191,0b0f596b5
1011,4.0,8186,4138a8f48
1012,2.0,3529,add617e3c
1013,1.0,3532,618e97eeb
1014,0.0,8020,8d54c5d66
1015,5.0,2836,a234c6496
1016,3.0,9826,8d0f8ad16
1017,4.0,12437,a7c7ede79
1018,4.0,1921,ada44e887
1019,1.0,2665,3ce643dc5
1020,6.0,585,5a5463e17
1021,6.0,13343,28cc87730
1022,6.0,13630,eebee574e
1023,18.0,902,545711134
1024,3.0,1005,9b980624e
1025,5.0,6392,611045510
1026,1.0,11881,4cdf29720
1027,3.0,2401,c6da0beba
1028,3.0,12169,717b573f8
1029,5.0,5548,178629125
1030,5.0,614,5698c00e2
1031,1.0,5896,166650836
1032,12.0,12430,0910c13a3
1033,2.0,12775,14084c784
1034,1.0,4864,8ac1e8eb6
1035,6.0,3301,1a7d70a4f
1036,4.0,8411,13e0627dc
1037,6.0,5595,9467b9867
1038,4.0,721,71c3f9254
1039,2.0,11734,84057a73d
1040,1.0,3210,5bd0c6dc7
1041,4.0,2184,9dca27ec4
1042,3.0,7910,43ec1b64b
1043,1.0,13587,65e601b18
1044,7.0,12528,36ad4a880
1045,9.0,4111,7a12a494f
1046,7.0,2,3422e4906
1047,4.0,11965,e92d3d4cf
1048,6.0,9443,8c2e6c331
1049,2.0,7784,9aa9d63f8
1050,4.0,4317,c76d9c5b9
1051,1.0,14446,4b4f32911
1052,1.0,7622,6ada9811e
1053,3.0,13652,9cf32e2a6
1054,5.0,5763,816112569
1055,5.0,8018,2179be57e
1056,18.0,8211,5dc7d3dc7
1057,2.0,957,02d6020a9
1058,2.0,6662,0850d4334
1059,1.0,12184,035992662
1060,5.0,2536,4501e7e4f
1061,12.0,5433,106e252d9
1062,1.0,13851,5c881b941
1063,3.0,14393,4dc6822f8
1064,3.0,5570,ba7b8cac2
1065,3.0,4306,e4aadf23c
1066,6.0,1865,6cb63297c
1067,1.0,13262,63f2faf77
1068,5.0,13048,76024f2ed
1069,5.0,12889,5208915a3
1070,3.0,1589,fd9375e71
1071,5.0,14299,22e73ac3a
1072,1.0,3565,afa694eb4
1073,2.0,12148,7c542e43e
1074,8.0,3215,1b91e1082
1075,3.0,10211,afd3ded05
1076,5.0,1788,aab56f3ff
1077,18.0,9652,716167b76
1078,3.0,6001,978526235
1079,3.0,12100,2209979e1
1080,1.0,10970,b5486d844
1081,0.0,2735,3525855b3
1082,8.0,10804,c467f8702
1083,5.0,2633,058d37dda
1084,5.0,10931,24e800fa6
1085,2.0,3477,359dd0b52
1086,1.0,3834,2b4c0f3b6
1087,1.0,8133,cbd703fb6
1088,3.0,11787,34d903f17
1089,3.0,3306,bb8795c8d
1090,2.0,11182,51b7034e6
1091,10.0,6238,3853ff1dd
1092,4.0,10083,fef340804
1093,4.0,3029,cbd066eaf
1094,10.0,13065,b256f479c
1095,0.0,1237,6984c8d7e
1096,4.0,5313,78cb569c6
1097,2.0,6825,01e78230b
1098,2.0,4743,004a26127
1099,0.0,14911,05974bc36
1100,2.0,13746,4dc92008d
1101,2.0,8499,ef14eb18e
1102,0.0,12216,133234595
1103,2.0,5370,d56553e2d
1104,4.0,3332,17066185d
1105,4.0,5253,031a0e45a
1106,16.0,13234,ec6bb5fb6
1107,5.0,5266,5a3e60ced
1108,5.0,11479,9d602bd84
1109,3.0,12177,ea9d28227
1110,2.0,10450,cd870fb18
1111,3.0,8501,cf8539482
1112,5.0,7264,7b3332622
1113,4.0,2979,731a2ef80
1114,3.0,8229,d45562a98
1115,2.0,184,d0bc14f47
1116,2.0,9054,c92b59557
1117,1.0,13258,35296e056
1118,6.0,2797,9d9197e7e
1119,11.0,9537,1c3793826
1120,2.0,4986,63ba3f4a7
1121,6.0,4385,852296968
1122,2.0,3981,30eb1004f
1123,11.0,13243,8f15fc3d8
1124,3.0,12071,fad223ef5
1125,2.0,11641,bb2a61d2b
1126,1.0,10100,ac8fa1b6c
1127,3.0,244,728c78b39
1128,4.0,4754,8dfc9cc69
1129,4.0,9625,aa0901313
1130,2.0,1662,67825bf81
1131,1.0,354,4dad8252f
1132,2.0,8174,9427a0125
1133,5.0,2198,83defd365
1134,1.0,12568,ef5b463d4
1135,1.0,7150,f861c3c77
1136,24.0,13146,846ca7805
1137,1.0,7397,21f095582
1138,3.0,14945,bcee746ce
1139,5.0,12550,b790a32cf
1140,5.0,8050,cc4670dac
1141,5.0,2175,172c8129a
1142,2.0,3303,cb41cd1c5
1143,1.0,5995,74517d04f
1144,4.0,84,ec5069cf6
1145,3.0,6543,79abb5387
1146,0.0,92,573b3ec3d
1147,1.0,82,be9474b85
1148,3.0,14889,8425c2a48
1149,0.0,3474,156c2d6ba
1150,1.0,10261,804c6c78d
1151,1.0,5565,22ae95c51
1152,27.0,4611,eb1f2f2f0
1153,2.0,9407,fea8ba32e
1154,1.0,8883,66fcb54d7
1155,1.0,3198,5afb6da05
1156,4.0,7003,98b1fe759
1157,4.0,9099,9358ef6d7
1158,1.0,3517,63697128e
1159,4.0,10568,28c3c4264
1160,6.0,9805,b9f90bdfe
1161,5.0,9450,28e86de6d
1162,7.0,10869,df9cc49a1
1163,3.0,5540,f3c42e04b
1164,0.0,1732,44229bb72
1165,1.0,2292,d3ccb2482
1166,2.0,8379,e58225b2e
1167,3.0,5160,5971c2462
1168,2.0,11763,ee8c56246
1169,1.0,7131,08f038689
1170,23.0,8282,fd8bb16c6
1171,28.0,7155,1b5af7749
1172,5.0,560,97dc6aa32
1173,5.0,6954,3be835fa8
1174,4.0,10965,8f1105e2a
1175,1.0,5204,ec4849051
1176,1.0,1963,95e206d02
1177,15.0,13340,61be9a64f
1178,2.0,6566,6668704bf
1179,1.0,10549,3d9bb7253
1180,4.0,7997,4d73d97fd
1181,4.0,10647,c272d9284
1182,5.0,14750,8f31c806f
1183,1.0,11858,5f8d00436
1184,3.0,6814,938bcb826
1185,1.0,8918,138035c7a
1186,1.0,1521,a4385e043
1187,0.0,6512,66ac9f1b7
1188,3.0,11526,8a0a8eec0
1189,5.0,3633,68ab069e3
1190,16.0,1335,db03ddc32
1191,3.0,6339,d4dd82200
1192,4.0,4112,eaab63bd7
1193,8.0,12509,5678616cc
1194,8.0,1071,cd617c72c
1195,1.0,14189,3cc6084ca
1196,2.0,12983,21c3157e8
1197,1.0,5754,355e8bc38
1198,1.0,7710,c6d7271e8
1199,4.0,6883,4d7573c5e
1200,16.0,7433,cfceafa8a
1201,3.0,10761,047c20d1a
1202,0.0,1275,6f63c5c04
1203,4.0,12396,bd70d885d
1204,3.0,14759,3ad53090d
1205,2.0,11625,e9e4424a6
1206,4.0,4055,6ad1d75b2
1207,6.0,12908,a906ff5f5
1208,1.0,13489,2c9f807c1
1209,4.0,8605,243925f5e
1210,5.0,5932,5a430bd08
1211,6.0,2482,229d33382
1212,1.0,2731,cad8537e1
1213,4.0,8449,931a50b80
1214,1.0,13577,682b7b7d0
1215,3.0,4117,03c323fcf
1216,8.0,9249,5d3c9feba
1217,2.0,2648,6984b9727
1218,2.0,13190,6774f84e3
1219,2.0,4025,10711bb95
1220,1.0,12896,399856928
1221,0.0,5430,67532bb27
1222,1.0,7134,c35cc3520
1223,4.0,6026,df25863ad
1224,24.0,193,bea72e6c5
1225,1.0,4083,8dada5ac5
1226,0.0,14954,d3faf6a0e
1227,2.0,1713,a143b5edf
1228,3.0,8453,ebabceece
1229,4.0,2653,536af3840
1230,5.0,10922,ad6992c20
1231,2.0,13621,98128b920
1232,3.0,2874,50abab539
1233,4.0,10365,e29fd3f0a
1234,9.0,3410,656a0a459
1235,5.0,13114,a0c1384d1
1236,3.0,8818,053d121b8
1237,1.0,12797,2def67952
1238,2.0,10469,901ff85c1
1239,9.0,10543,bfc46890f
1240,1.0,5028,2cd806c03
1241,1.0,4330,e94581522
1242,1.0,3280,c469973de
1243,5.0,3905,c2c03cb2d
1244,1.0,206,249112486
1245,1.0,895,661bcb904
1246,1.0,8555,1eb85ae31
1247,3.0,10150,d9c6517ae
1248,3.0,3276,6ea6cde88
1249,2.0,11928,d470889c4
1250,15.0,10251,56f62a309
1251,4.0,9771,cea713af9
1252,3.0,12271,f3ac0a96b
1253,6.0,12574,949fbd095
1254,4.0,13644,30507c621
1255,2.0,11177,c7726d2a4
1256,3.0,13432,e3e2fcc71
1257,2.0,10459,db745332f
1258,22.0,4264,176516c7a
1259,2.0,10259,7da9d50b1
1260,6.0,4596,abaf6c9ee
1261,4.0,14850,ca4a8f0c2
1262,10.0,11860,7959e3491
1263,6.0,11712,ef836c3d3
1264,3.0,9317,06cd6c623
1265,3.0,12920,17fdf5bfc
1266,4.0,6378,66ad04874
1267,2.0,277,e9eeadf82
1268,5.0,14385,e6645c764
1269,4.0,14405,2f532707f
1270,1.0,4133,bfdc4cd9d
1271,2.0,12349,64f06dc3b
1272,2.0,6262,a8e6ad61c
1273,1.0,3041,858f4c013
1274,3.0,819,30e66b835
1275,3.0,4627,ca4224e0b
1276,5.0,2308,460edc419
1277,2.0,14088,062b387cf
1278,0.0,9644,61003963a
1279,2.0,11238,9b2aaf395
1280,0.0,6173,fe18635ce
1281,3.0,10740,e282d2bdf
1282,3.0,11819,c6a3de42f
1283,8.0,5556,b7135cf44
1284,2.0,11640,44a0c16bc
1285,0.0,5406,93641e3f2
1286,3.0,13779,979bab13e
1287,1.0,5930,21847129b
1288,3.0,13037,5b5b2c882
1289,1.0,8688,076e5c59d
1290,3.0,8625,15b5da7f8
1291,3.0,4285,232aee73d
1292,2.0,2251,0c862b8a3
1293,2.0,8538,060e4ed30
1294,3.0,9518,64a40211a
1295,1.0,3717,b054e635f
1296,1.0,4946,9fc14401a
1297,5.0,13605,8563d2004
1298,6.0,12108,5adb4e661
1299,2.0,2296,988c18c10
1300,3.0,222,82137b39f
1301,1.0,11874,e88aaa263
1302,2.0,315,1c74d62ed
1303,5.0,1806,10022add6
1304,4.0,3160,df3756483
1305,1.0,10955,7cd6556bc
1306,11.0,13457,e1e2b0af4
1307,1.0,5768,4ffa77f1c
1308,5.0,5697,ffb6a7f5d
1309,3.0,3997,267bf57c8
1310,3.0,14839,b165fe8b1
1311,5.0,839,cc8bf5e79
1312,1.0,9718,ca121ab91
1313,2.0,150,e4abb93bf
1314,2.0,6792,6bb720300
1315,2.0,414,81d97fa9f
1316,4.0,3177,7112952b7
1317,1.0,1820,904b74dde
1318,2.0,5139,e11e6cf89
1319,2.0,6154,bdf4a9ed9
1320,5.0,1324,61dc8345a
1321,3.0,9946,06666dc09
1322,6.0,9841,10e1cbfdd
1323,14.0,5303,2d8db1c19
1324,4.0,8371,c47c94411
1325,1.0,7002,e976f3d3a
1326,5.0,9174,2826f9095
1327,2.0,4470,386990598
1328,2.0,4281,fffa39a6a
1329,3.0,9875,02f89bdcb
1330,3.0,9782,fe7b03ebd
1331,4.0,4914,51d815775
1332,3.0,6657,0eba510fc
1333,4.0,6924,ad5021d77
1334,14.0,12664,afab70239
1335,0.0,9023,f80c1cf7d
1336,1.0,2940,53abff075
1337,1.0,12155,27830acaa
1338,1.0,9730,ae2c2b372
1339,5.0,9208,bd0bfa1f6
1340,5.0,6997,af56651cb
1341,6.0,13470,83b705aaa
1342,2.0,4541,94019dc75
1343,7.0,269,c675f3b10
1344,5.0,4219,a1e153676
1345,4.0,10762,831505752
1346,3.0,5064,4652decf5
1347,2.0,62,3181e5424
1348,1.0,7044,6ad5aa95c
1349,2.0,3151,a44b2389a
1350,11.0,9939,c29a364bc
1351,9.0,3727,90fe2bf72
1352,2.0,1610,af86d93ba
1353,1.0,5299,6d2c3b550
1354,11.0,2886,12a280806
1355,24.0,3764,a243c61c6
1356,3.0,1620,881d46cc0
1357,5.0,7680,38c82bfc5
1358,5.0,787,0f3434f36
1359,5.0,7278,70c811b9d
1360,1.0,7498,d58c146d6
1361,3.0,10629,1736706f9
1362,5.0,2403,015da9e87
1363,5.0,6880,2034bc734
1364,5.0,5076,3aa622eed
1365,1.0,13739,7c3423bab
1366,5.0,2721,5042c6414
1367,7.0,3269,aea876483
1368,2.0,7511,4b628f538
1369,1.0,7284,25079d00a
1370,1.0,5684,643eab5c6
1371,1.0,9528,f8e3f9ddf
1372,17.0,5146,466862270
1373,5.0,11777,d4f813a7e
1374,9.0,6476,7d835cf7c
1375,5.0,11867,b91ac808b
1376,3.0,14250,ea3ebc38a
1377,5.0,10973,27eedd440
1378,4.0,941,f39fef7c1
1379,5.0,9130,bb90447e5
1380,3.0,8844,ac8229264
1381,4.0,9713,16748bcd7
1382,1.0,4868,aeffc6dfd
1383,9.0,6109,1c4f5efa8
1384,5.0,11663,0714145e6
1385,6.0,5904,8f42303f4
1386,2.0,5680,87143ebd2
1387,1.0,11038,7a72ba3d7
1388,5.0,6716,ce0deaac0
1389,0.0,4108,43f99cecc
1390,3.0,5848,026c5716f
1391,3.0,12881,3a93093cc
1392,1.0,12673,9104803d9
1393,2.0,10181,0ea0beb3c
1394,4.0,11498,0a1b56e66
1395,3.0,2405,64c6eb71c
1396,1.0,7764,e6ff21b7e
1397,4.0,3854,68a3c10cb
1398,3.0,11451,5ab714faa
1399,2.0,907,4e01721aa
1400,5.0,14097,12b47b4e8
1401,5.0,3399,70337537c
1402,12.0,9671,795cb17ef
1403,5.0,11804,563854d72
1404,15.0,6139,c74126469
1405,2.0,10267,0f9fd5688
1406,1.0,6603,69ba8d92e
1407,3.0,4672,1565d09ad
1408,6.0,11922,a63364c39
1409,1.0,1778,bb74d75c2
1410,5.0,13336,50ae3720b
1411,8.0,13710,b5974bdd0
1412,2.0,14687,af8cd40e0
1413,3.0,8339,9c7476c25
1414,5.0,9364,82c90e313
1415,2.0,4120,86d87d5f7
1416,1.0,9464,4785a8894
1417,4.0,10649,719917454
1418,4.0,12152,5a299988c
1419,3.0,14293,d1632981e
1420,6.0,1902,b86b0db65
1421,5.0,10712,82d9cd76e
1422,10.0,11728,c7e8a87dc
1423,5.0,9326,cbd8840cd
1424,0.0,5130,4a311c6dc
1425,1.0,1452,fb24264ea
1426,1.0,12855,36d7fc2c5
1427,1.0,5994,d56fbda82
1428,3.0,7137,1945c0690
1429,10.0,12482,13fcf57ff
1430,9.0,8938,8d301b5e6
1431,3.0,10331,96792a909
1432,3.0,9835,8a9c5472e
1433,1.0,14984,f5dc70d35
1434,6.0,10097,50811e391
1435,4.0,13632,ab38d8710
1436,4.0,7166,25765058c
1437,4.0,13093,248eca1fa
1438,2.0,9409,0063bd7e0
1439,4.0,5519,cff9a1fec
1440,11.0,6279,26a4d7052
1441,4.0,9780,ee34f3079
1442,2.0,13623,23bcfa015
1443,4.0,7822,98f5b7ecf
1444,2.0,5880,c66def50c
1445,2.0,4938,c5ee96818
1446,2.0,12168,141a53bee
1447,4.0,4382,f27974780
1448,14.0,1947,bbfc8a037
1449,8.0,798,f981112a8
1450,6.0,7766,9bfca7e65
1451,2.0,7126,eee0b299c
1452,9.0,13915,ec14446ba
1453,4.0,9918,257a99aa2
1454,4.0,11318,d5262ce2b
1455,5.0,9515,2eaab0cb1
1456,2.0,14303,1b9cedf4a
1457,0.0,11585,c74b069ef
1458,2.0,5770,43021e4ed
1459,5.0,13929,a98716d75
1460,3.0,4360,42eac4984
1461,3.0,10164,42d06aa80
1462,3.0,10224,dff412d60
1463,2.0,13434,3275bb3bf
1464,5.0,552,2b3ec0f96
1465,4.0,4744,b6c338f94
1466,2.0,14308,839d4d8cb
1467,2.0,14226,737413132
1468,1.0,14274,68e6f19f5
1469,10.0,8786,63a3f229c
1470,7.0,14983,cca88204d
1471,5.0,9792,ae0425756
1472,3.0,8877,923da13c4
1473,4.0,5304,ef70f3263
1474,1.0,11947,aa8e2a85d
1475,1.0,13627,cff111e4e
1476,2.0,1116,69c8c9463
1477,1.0,9832,c4ff3b712
1478,7.0,984,b63d76ef4
1479,5.0,9118,7268e9e21
1480,3.0,14510,9593c0350
1481,2.0,11889,3c3b9b731
1482,3.0,1563,b8dd18a5a
1483,0.0,6912,2a89fe4a5
1484,3.0,1368,ad90d4962
1485,1.0,7087,7f6cdf26b
1486,10.0,2406,afb230f5a
1487,1.0,13640,77bff1468
1488,3.0,5545,4f7fc967a
1489,6.0,7436,2d8b42d21
1490,5.0,13708,34dd3cb69
1491,8.0,7599,4cc05c35d
1492,1.0,3116,22de1a590
1493,4.0,8694,39e0cc98e
1494,1.0,2901,cb256c605
1495,6.0,11665,d86f635fb
1496,3.0,10379,bdcd82280
1497,5.0,30,1a76190c5
1498,5.0,9119,6e31c1647
1499,5.0,7515,cbf4de1e8
1500,1.0,13181,a371e0164
1501,1.0,11521,df1d3b1ec
1502,1.0,10415,73d59a848
1503,1.0,5135,36bec0c95
1504,3.0,851,d0b61aedc
1505,5.0,6577,a6e25e889
1506,3.0,12951,6d84d3a2f
1507,3.0,5095,372d1784a
1508,5.0,2598,15bcbb6e2
1509,3.0,5261,143a52d8b
1510,1.0,3860,b39ead375
1511,11.0,2313,a2ac8316b
1512,5.0,12376,874e2a3fd
1513,2.0,318,479500716
1514,11.0,4207,87ec8e435
1515,1.0,3713,0690278af
1516,1.0,7053,6c2fa49e8
1517,3.0,2778,e39881452
1518,5.0,1269,bc14f3a48
1519,1.0,1299,5685ae208
1520,4.0,3837,f93ea9f9f
1521,2.0,2279,c27f27a68
1522,2.0,9167,48ceb84a0
1523,4.0,12882,342400751
1524,4.0,3602,16002dd9b
1525,1.0,5651,fa97a865d
1526,3.0,13523,477456925
1527,2.0,5287,7cbe52a0f
1528,2.0,14070,8fc9d6c1a
1529,2.0,10925,cb8cce181
1530,3.0,10596,a54202bba
1531,3.0,3174,110242085
1532,1.0,7243,57b57989d
1533,14.0,2804,d59c369c3
1534,0.0,3621,97a3cca4f
1535,1.0,5151,d3a4afef1
1536,3.0,5649,a91761e54
1537,0.0,12384,bd8f94a94
1538,1.0,1600,21c163648
1539,6.0,11367,a0c15424b
1540,1.0,14634,c34b20922
1541,0.0,1172,eabef1496
1542,1.0,6613,d0eb1073d
1543,3.0,11689,133af5fc3
1544,3.0,6152,fe7bad7d4
1545,7.0,1635,196504d88
1546,1.0,14868,4802207be
1547,0.0,8109,60a36cab1
1548,3.0,9911,d68301fb2
1549,5.0,8725,13efc38c1
1550,1.0,13051,aba512b8f
1551,3.0,2792,5457a593a
1552,2.0,13001,2db00a064
1553,7.0,12695,3cb155233
1554,2.0,7132,172b6f611
1555,4.0,9461,faa139539
1556,2.0,4818,143d10038
1557,1.0,11428,6326e5387
1558,1.0,3827,af2ec000a
1559,7.0,2527,db044e38b
1560,6.0,5169,c8b38c65e
1561,5.0,11591,49e140a8e
1562,20.0,10205,52d0469f8
1563,1.0,4119,71a614388
1564,5.0,12474,08767d88e
1565,1.0,11721,a37c82165
1566,1.0,4603,86b3239e9
1567,3.0,9058,574b9ab4f
1568,1.0,2506,4194f0f66
1569,4.0,9640,95563629d
1570,3.0,7426,29c50ee9a
1571,5.0,1592,24993107f
1572,5.0,12457,30669fef4
1573,3.0,11851,eba013abc
1574,1.0,8043,1936c68a5
1575,1.0,8839,5a651d147
1576,4.0,6922,9223ca4fa
1577,23.0,1440,5a7207717
1578,6.0,10779,e8dc8fa13
1579,3.0,10076,7f352f8dc
1580,0.0,8638,4c05ee4b2
1581,11.0,6539,4d74c2e08
1582,1.0,14966,8dc7b3ffa
1583,3.0,5647,0fea56eb9
1584,8.0,13365,e877b448c
1585,2.0,10437,1c60a65e8
1586,15.0,12531,31144a6be
1587,5.0,9200,087804d85
1588,5.0,11109,adb97bde0
1589,5.0,1765,d0c81c563
1590,2.0,1835,9b2d6b1f3
1591,11.0,7510,d17343468
1592,3.0,8324,5d5942493
1593,1.0,7690,225d2e242
1594,1.0,12307,fb442ee5e
1595,5.0,7618,87b753139
1596,1.0,7913,fa45ffcb8
1597,1.0,11854,063495ecd
1598,1.0,7306,9c70eee7b
1599,1.0,12235,bd0a144b0
1600,1.0,405,e07812482
1601,25.0,3503,6d1c281f9
1602,1.0,13493,b8715f663
1603,1.0,13174,a8de0737e
1604,0.0,13657,b943a95a3
1605,8.0,6032,5152dbfe1
1606,1.0,11573,7abf263f7
1607,4.0,7332,fe4bb01a6
1608,4.0,2703,b631b7e4a
1609,5.0,9816,6c896760b
1610,3.0,738,ff05d4438
1611,2.0,14,c02be41e6
1612,11.0,9029,2ca3f6d92
1613,9.0,12687,c0b5e6036
1614,5.0,1986,2ff9e9534
1615,15.0,11005,419d296e7
1616,4.0,2662,7a3471df7
1617,2.0,2856,22145fe75
1618,3.0,10378,11c88e3be
1619,2.0,763,a2b42f2e5
1620,2.0,13865,aca6b6256
1621,2.0,12055,2e829ee7c
1622,8.0,13459,8d6f10684
1623,5.0,8287,f095385ff
1624,3.0,5924,596d784b2
1625,1.0,1386,27a8bdbf8
1626,1.0,6649,3e13d34d6
1627,1.0,2099,9a2b50582
1628,1.0,609,1e24f14d6
1629,1.0,8052,87a679d31
1630,2.0,12674,81fddeac7
1631,3.0,5392,82e86dcbb
1632,11.0,14788,9d466bbca
1633,1.0,5347,59c3497c1
1634,5.0,13177,1efbef49e
1635,1.0,3432,3df923a0e
1636,21.0,320,b4d0c60b6
1637,1.0,9134,e0736a22f
1638,2.0,10078,15956c89f
1639,8.0,14630,49ba2ccff
1640,1.0,14214,7a785a607
1641,1.0,10397,aecff5a85
1642,3.0,14534,19efe1616
1643,0.0,7228,73ae816ce
1644,15.0,2853,69d413ff2
1645,5.0,12188,86f4297b4
1646,5.0,12367,dfedc8f77
1647,10.0,14655,a39ad6dc7
1648,4.0,11771,017eda6dc
1649,1.0,3075,3bc84c4a9
1650,2.0,8187,be1ab222c
1651,2.0,4452,2f7da7f8f
1652,1.0,5425,e052a2a39
1653,3.0,1877,90caf70eb
1654,1.0,14246,5ca36463c
1655,5.0,4166,c93191313
1656,1.0,1053,f03979157
1657,4.0,1277,5112569f6
1658,1.0,9477,ae4e546cb
1659,4.0,1544,54224dada
1660,1.0,8788,aa0e8c199
1661,1.0,10574,6975353f1
1662,4.0,8107,2a5e70892
1663,1.0,14705,e80066a19
1664,1.0,1605,14efbbb85
1665,4.0,1133,abe8790ba
1666,1.0,6799,2de05ee7d
1667,1.0,14004,b09ecfb53
1668,4.0,3726,8e4a80297
1669,3.0,8719,d6243bdf8
1670,5.0,6631,b38dcdc90
1671,3.0,7398,1652a3e1e
1672,30.0,1490,49113adb2
1673,1.0,137,1dfadc371
1674,4.0,808,9725bf4d2
1675,5.0,10238,d7fd0a30a
1676,4.0,4051,4be1b15fb
1677,5.0,4215,30319970f
1678,3.0,12957,73d28220c
1679,3.0,5882,ccccfeabe
1680,0.0,7655,a31d58f0a
1681,3.0,2789,5188ce75b
1682,4.0,6751,b56e6500a
1683,3.0,6741,e80389ea3
1684,5.0,3865,04372b78d
1685,2.0,6194,230d5d85c
1686,2.0,7470,93a9cf943
1687,2.0,5962,3ff4a6c99
1688,6.0,801,d83aa1f02
1689,2.0,13275,ec28e0aad
1690,3.0,4038,900b47573
1691,3.0,11603,62c16fa1a
1692,7.0,5753,cda71c00a
1693,1.0,7347,47a5a9516
1694,5.0,1673,25dc712af
1695,1.0,14369,20b7e24b2
1696,1.0,7993,f8619af42
1697,1.0,13718,21a7f4896
1698,2.0,6526,69df3f618
1699,5.0,11138,e6821c448
1700,1.0,11509,22230a3ea
1701,3.0,13541,aaf7d5da8
1702,3.0,11939,871ca78ab
1703,3.0,847,a22c43e29
1704,8.0,3140,cc13183c3
1705,1.0,2958,104c799db
1706,3.0,8941,03db2966b
1707,1.0,8798,2c88aa53a
1708,1.0,714,9dd9f107d
1709,1.0,8794,668177e57
1710,5.0,211,b5fcc079e
1711,1.0,6317,8e881542f
1712,20.0,14872,09bc86c05
1713,5.0,9615,7e704dadb
1714,12.0,4100,20cb13be9
1715,2.0,12272,5c48b210e
1716,1.0,14533,0aa767c04
1717,4.0,370,166092e21
1718,4.0,434,76d5726c4
1719,2.0,2968,e2f39a17e
1720,1.0,7490,be7fbd988
1721,3.0,5309,fdc472b2e
1722,8.0,3190,6bf08dced
1723,7.0,14413,10e26690b
1724,5.0,4848,15a06cb97
1725,4.0,7893,edd79adb8
1726,5.0,6491,158bc6f24
1727,2.0,11258,bd2dc39e7
1728,3.0,10877,8310e47df
1729,5.0,9026,9c443e54d
1730,5.0,10221,a366ce2a5
1731,3.0,13951,14c70b2c2
1732,3.0,9229,6f77b4edf
1733,2.0,8419,63e212498
1734,2.0,9272,3086dc257
1735,8.0,5071,52ed9719f
1736,5.0,3417,c611f493b
1737,1.0,9251,8e3c58de2
1738,3.0,10727,4daad230c
1739,5.0,13287,886d23c56
1740,2.0,4718,7942b62ef
1741,2.0,1178,fb8efea32
1742,2.0,10505,2986194f1
1743,1.0,31,edb920079
1744,5.0,9429,755f10f8a
1745,9.0,13888,ae30afe08
1746,2.0,12748,d3dd7e6a7
1747,5.0,2788,457bdfb16
1748,2.0,1391,b1e590596
1749,6.0,10381,1d8d037a2
1750,1.0,5688,1b871dbaa
1751,1.0,2581,4e9a13862
1752,1.0,6989,8ab591301
1753,1.0,10609,d83749129
1754,4.0,4762,002230dea
1755,5.0,10724,fab1170a2
1756,2.0,9703,f5f1ea56c
1757,4.0,6169,1e1e7c4ec
1758,3.0,12729,c787ee619
1759,3.0,7986,16f2fa5c7
1760,3.0,10526,c1548b685
1761,1.0,10457,ee10dbace
1762,7.0,1307,7f7e9db52
1763,1.0,10809,239326fd2
1764,1.0,740,79b514f79
1765,7.0,10996,4e76c15d3
1766,6.0,9691,d870d5767
1767,3.0,1265,385028a00
1768,2.0,5622,dba9050f5
1769,1.0,1985,483f1aae8
1770,2.0,7024,4df3c8b8f
1771,5.0,1095,d721ed589
1772,1.0,3437,a7cd5b749
1773,1.0,11885,4874347b0
1774,2.0,5877,16349e686
1775,5.0,13843,ba79cfddf
1776,2.0,9109,80ec7f00d
1777,1.0,6552,0a5be413e
1778,7.0,7221,a7d44898b
1779,4.0,11517,2bfc5658b
1780,2.0,11357,e9e82ad8f
1781,5.0,5052,ebd3ef2f9
1782,9.0,9207,74d7a26bc
1783,3.0,13294,1882fa24c
1784,2.0,13433,aa07ee8b8
1785,3.0,4897,6dd6363f0
1786,5.0,476,b28de653f
1787,1.0,9807,f0f6f4bd2
1788,2.0,7320,452a50855
1789,5.0,217,00a1f270a
1790,3.0,4233,699a81c51
1791,0.0,6617,a8ea0c6a7
1792,1.0,11861,a3e7124c8
1793,30.0,2444,ae4ebeb3e
1794,5.0,5281,f2bb56f7a
1795,4.0,1283,0e49c7f19
1796,2.0,10935,edd25890d
1797,8.0,7292,b00e4262e
1798,1.0,10679,8f7a44198
1799,1.0,14113,56147c737
1800,6.0,3291,f867cc417
1801,1.0,14932,a3dfe1991
1802,4.0,4974,01e4020da
1803,2.0,7216,308eda964
1804,2.0,13463,e13c47053
1805,1.0,8974,3b923cef0
1806,1.0,13524,aabd8c0d6
1807,9.0,13531,8f47e7ad3
1808,8.0,4612,7d6298b6e
1809,10.0,7036,6d18707ee
1810,5.0,12578,b40a8ff86
1811,5.0,6571,15721ae3c
1812,4.0,7750,fac4ca24b
1813,5.0,5002,2275c7ba3
1814,3.0,12465,4482a8d57
1815,2.0,12014,5d53d4bfb
1816,1.0,397,bd9e9d9e2
1817,2.0,13182,ec4351554
1818,2.0,4482,1020c8f00
1819,9.0,12732,1084ba1bd
1820,1.0,1249,e8ec1a562
1821,4.0,9665,e3fcd8a2f
1822,2.0,14927,4909dc5af
1823,10.0,6266,c6df6932d
1824,2.0,10627,e7d595174
1825,3.0,9650,b8580c770
1826,4.0,3830,0ecc1200a
1827,1.0,2026,cef0e42a5
1828,1.0,4598,55f1edd7d
1829,5.0,6742,647fe8d68
1830,3.0,286,ebd78e1d4
1831,5.0,6528,7f78e79c0
1832,4.0,243,a27f0cc49
1833,2.0,10284,f037aaccb
1834,3.0,6471,682cbe0f9
1835,4.0,9300,0b110b315
1836,1.0,13270,c84e9ae78
1837,5.0,12178,9f0635623
1838,4.0,6421,aa943b9a0
1839,2.0,3238,fe9e5aa06
1840,18.0,672,d09835201
1841,2.0,584,a23f0020a
1842,4.0,6597,ad6387a7e
1843,9.0,4664,0c0bae9fb
1844,1.0,6753,89cefaa7b
1845,5.0,8061,eb7804aa7
1846,4.0,124,392d3346e
1847,4.0,8695,3b140cca4
1848,1.0,3876,17d578acc
1849,3.0,14802,1e6130d74
1850,5.0,3299,62f87187d
1851,0.0,14231,0fc52b599
1852,3.0,7590,b8fda5b3b
1853,3.0,10985,7321cbf99
1854,6.0,12807,0f6488260
1855,10.0,12767,0a7798d2b
1856,1.0,14229,57ac7373a
1857,1.0,1348,ae38b9254
1858,1.0,111,1bf1f95ef
1859,1.0,14016,425804cd2
1860,5.0,7790,228e88a51
1861,2.0,12774,aaeb4781c
1862,5.0,5131,f03ea3fd5
1863,4.0,3845,8a45e8492
1864,5.0,14546,5a3113fdd
1865,2.0,12549,2bcab4c4e
1866,2.0,10431,98da79d01
1867,2.0,6272,d41649df9
1868,4.0,10551,c16df543f
1869,12.0,7501,b2264970a
1870,5.0,3436,b921bfb80
1871,4.0,7377,09db544ea
1872,0.0,1281,c2f9689c2
1873,1.0,12760,f000f169a
1874,4.0,11100,f51f68a13
1875,9.0,9307,dc3066d92
1876,5.0,11872,0955b54fd
1877,5.0,11314,98c1efd96
1878,4.0,12490,23d784a8a
1879,1.0,1656,80524f9cd
1880,2.0,14577,dc39b80f6
1881,4.0,6524,a62c06932
1882,4.0,13612,748207a86
1883,3.0,3923,094636517
1884,3.0,6328,fc3fbbb99
1885,3.0,7554,923a7163c
1886,2.0,8684,91f52526f
1887,5.0,3406,10516f3c6
1888,14.0,3599,5b9bed882
1889,1.0,11034,9160fdb5f
1890,1.0,5627,ecd83e25d
1891,5.0,202,38a81271c
1892,1.0,7633,ee3543995
1893,5.0,6308,f845bd0c0
1894,4.0,3312,0ae84d311
1895,2.0,567,d95eabfe9
1896,9.0,13521,07b9322e2
1897,1.0,1361,33ddc2011
1898,8.0,13751,048df7861
1899,3.0,14258,c82f54ef6
1900,3.0,10638,9beedceb9
1901,5.0,4468,c0898504e
1902,2.0,11371,489466e53
1903,6.0,14821,54e731fab
1904,6.0,9182,bf37d753e
1905,3.0,282,0f0f81a37
1906,7.0,14939,7e9308e0e
1907,6.0,11061,8e343f4df
1908,2.0,3231,cb7bfedd5
1909,10.0,11130,096c37d99
1910,1.0,774,14357e2ed
1911,1.0,9122,ad5250ecf
1912,30.0,8438,2b0896bbe
1913,1.0,10302,6fe7448a5
1914,3.0,8396,9999c355f
1915,10.0,6704,e4b550d46
1916,11.0,12610,71d36d5c4
1917,4.0,12850,13d30c173
1918,2.0,10059,e669e318d
1919,1.0,11148,1f7363767
1920,3.0,6394,b660cb310
1921,4.0,12928,a543418a3
1922,3.0,120,c61f6507e
1923,20.0,4070,6d43edbe9
1924,5.0,10393,7803e9e5d
1925,4.0,5954,b16cb3f1e
1926,6.0,7245,6945dbebb
1927,1.0,6513,dd0b58409
1928,1.0,12217,2485efd0a
1929,2.0,3385,ed0185e39
1930,0.0,7331,42137817c
1931,1.0,8195,83233d345
1932,3.0,14975,c7d02bfca
1933,3.0,8172,874e791f9
1934,5.0,9914,e3f28534a
1935,4.0,11337,1d1f2ed1b
1936,6.0,5681,ab2e61df2
1937,2.0,6875,ae518aff9
1938,2.0,10184,bd4404a60
1939,3.0,6260,d181ce519
1940,5.0,1025,151d50f53
1941,3.0,9845,b414c5dd9
1942,3.0,6430,e2c54ef30
1943,1.0,10402,701c7e67e
1944,5.0,1751,da6950564
1945,4.0,9540,4235841ea
1946,0.0,1010,a0f88616c
1947,2.0,8034,ca2c00404
1948,3.0,5630,0157cf3a4
1949,1.0,12011,e54866fe5
1950,2.0,13789,e1af060fb
1951,8.0,836,0b59a57ff
1952,9.0,14445,daa7f33d4
1953,2.0,4140,b27f46ae3
1954,2.0,4680,cdf4d775f
1955,2.0,262,13f07ee9a
1956,4.0,12742,c60193e34
1957,3.0,8318,af2f3a166
1958,10.0,6931,e96c2483c
1959,3.0,7448,8ff587b75
1960,2.0,4073,de01d00eb
1961,22.0,10688,44594e996
1962,1.0,13956,2b95747f3
1963,4.0,12366,1b231e001
1964,5.0,14781,615f2f661
1965,11.0,6975,37ea8d2db
1966,5.0,648,86953ea0b
1967,3.0,11179,7b2336880
1968,3.0,7409,4bb0c8226
1969,5.0,3277,4370b5ff7
1970,3.0,2930,b67778d17
1971,4.0,3004,1877d9a0d
1972,10.0,3785,8b636912d
1973,1.0,12254,f47679843
1974,8.0,5631,132346d7e
1975,4.0,10871,6264e2ffa
1976,3.0,2498,a9575b655
1977,2.0,14484,72389d266
1978,4.0,6612,9ea482068
1979,2.0,8998,4a2ecd24c
1980,2.0,9219,a5f027ab8
1981,1.0,12623,c5422c04b
1982,7.0,13724,b940cf8b8
1983,25.0,4035,88d5f9129
1984,7.0,2717,ac52ba660
1985,1.0,13010,6eab205e6
1986,4.0,11366,502d58dea
1987,29.0,9306,10124968c
1988,7.0,3752,fab063ed4
1989,3.0,47,ea159d8da
1990,9.0,13251,fc4989906
1991,3.0,845,642a88a93
1992,5.0,11909,b49012dd4
1993,3.0,9072,2f1c0947d
1994,13.0,2067,119835ef9
1995,3.0,9087,61e7f4ebe
1996,3.0,2715,50fe7d515
1997,1.0,13352,a86ec27e9
1998,6.0,4734,bdbe7091f
1999,15.0,6642,7199d2d4c
2000,3.0,5374,125edf869
2001,1.0,14373,ae52ea5c4
2002,2.0,6499,3e82e76cb
2003,3.0,10407,ac7609b80
2004,2.0,6890,729f4d5fa
2005,0.0,5362,dcd70e1e3
2006,1.0,462,f8d831236
2007,0.0,11443,abd366564
2008,2.0,2867,653b3e668
2009,11.0,9663,2ef182fc5
2010,6.0,12976,c4ef3ff97
2011,5.0,4885,d0d9596e3
2012,1.0,5572,7ad21fd0b
2013,4.0,10569,930dcdef6
2014,2.0,13786,240ddd506
2015,2.0,6644,91633ef0b
2016,5.0,14978,ac6d69d99
2017,9.0,4761,ad002785c
2018,5.0,13793,23c8c5957
2019,1.0,6815,f642366b6
2020,3.0,3732,e1cc143c4
2021,7.0,7621,156ab0f97
2022,1.0,12015,a5a240214
2023,9.0,7716,8773f250c
2024,1.0,8088,05f00d521
2025,4.0,14878,13757a086
2026,1.0,459,53cd96ef8
2027,5.0,7443,9dbcae6f7
2028,3.0,11938,7a40628fd
2029,1.0,6622,9a965c1f0
2030,11.0,10978,e1a2d9477
2031,2.0,12044,8420d063a
2032,9.0,7067,8f2daa8e3
2033,5.0,3757,a04a67a2e
2034,3.0,13620,ef1966105
2035,3.0,163,ea11b6f12
2036,2.0,2121,de9e02d44
2037,5.0,3822,f16407c21
2038,5.0,14161,5546a54ef
2039,3.0,11482,eb4dbddea
2040,1.0,14272,6aa9012fd
2041,4.0,12954,72e76bc9b
2042,1.0,8739,4302e8f50
2043,1.0,7754,a206ce13b
2044,3.0,4919,8d1dce21f
2045,1.0,14076,b70ec3788
2046,2.0,3553,40fa3f339
2047,3.0,11956,a669b77aa
2048,13.0,12727,1894ab073
2049,1.0,11376,0b807a7dd
2050,1.0,13994,5aeba94a3
2051,3.0,9550,6ff2ae40f
2052,5.0,7573,0e61fe015
2053,4.0,13802,8834ac7da
2054,3.0,9293,e493537b3
2055,3.0,570,022d2d16e
2056,6.0,5973,0aebdcbc4
2057,5.0,872,d9a014dbb
2058,3.0,6293,4ed2fba3e
2059,2.0,2089,fe5dc391c
2060,1.0,7099,5ff1a0cae
2061,0.0,2235,0bc671d5e
2062,3.0,4524,acd9e66f1
2063,3.0,3307,d59f3a6cc
2064,1.0,13722,cff0d8c7b
2065,5.0,402,3cc84c2f8
2066,3.0,1967,c86c76857
2067,4.0,7008,0ea2638e9
2068,16.0,11441,d8d014d03
2069,9.0,7091,1b1fdfd71
2070,2.0,13266,bfb19deda
2071,5.0,5450,f95eb4d75
2072,2.0,12358,b89c365c3
2073,4.0,10597,bfa6682ae
2074,5.0,3758,d1ef30b8a
2075,2.0,3336,a437cc78c
2076,2.0,14359,6a3607d09
2077,2.0,4421,b2e138d7a
2078,2.0,12675,3f4e4f83f
2079,2.0,610,eb8aeff64
2080,1.0,4899,5bd3c6eee
2081,5.0,5300,2edd45e56
2082,12.0,12693,3f169c299
2083,4.0,6820,fa18941f4
2084,2.0,14038,6c64dd197
2085,3.0,6070,a93ff4e92
2086,2.0,1375,2430b50b4
2087,4.0,2137,15937e540
2088,2.0,583,ed5f14fda
2089,2.0,3844,059d8d91f
2090,1.0,6628,8b12f497f
2091,8.0,4816,ee93b2d47
2092,4.0,4980,767be5091
2093,10.0,7393,648727065
2094,4.0,1863,037464956
2095,3.0,4487,066498aa1
2096,3.0,14775,f7f9eacc9
2097,1.0,4735,150257980
2098,5.0,60,f9df8656a
2099,4.0,4535,b9e27a268
2100,5.0,1117,aefafcc66
2101,1.0,4252,ed1f38a40
2102,26.0,4469,1ed0c2a41
2103,3.0,1022,685cbaf7f
2104,2.0,3167,807ea3b72
2105,5.0,11149,a6c985a00
2106,4.0,8779,95e06e711
2107,5.0,6348,1c9e913d7
2108,1.0,2214,31b90821f
2109,2.0,2290,659dc9159
2110,7.0,7620,4140b3b5a
2111,3.0,3390,d22561762
2112,15.0,13841,632b28a99
2113,6.0,8592,e7a24f9e9
2114,14.0,1328,29aa0b74b
2115,4.0,13845,a52a7c357
2116,4.0,13165,a76b1a86a
2117,1.0,6040,ffb3a78e1
2118,26.0,10773,f7b533990
2119,5.0,1024,6be0a8fcd
2120,6.0,7129,3de1d3794
2121,6.0,2921,c3cef1c4b
2122,12.0,8095,047514286
2123,3.0,10559,b4f69489c
2124,1.0,5350,8a420e638
2125,5.0,3025,2e65d72c2
2126,9.0,11409,f600bc8d1
2127,2.0,11431,1368f0b22
2128,6.0,11499,c720ee024
2129,5.0,11447,eff541eff
2130,11.0,7486,073484a7d
2131,3.0,9901,f246dec63
2132,3.0,3687,aa3409a07
2133,5.0,1503,b7da4e981
2134,1.0,5504,1d6149d17
2135,1.0,3066,ba433a9d3
2136,1.0,992,06bf9e676
2137,5.0,4679,4ceff3a2e
2138,3.0,10395,63afbf2f2
2139,4.0,1333,9ebf6e448
2140,2.0,2879,1b5dbc3cf
2141,4.0,600,7687b7da2
2142,1.0,7670,cd89328a8
2143,11.0,2370,ff065ec7b
2144,2.0,13407,8af1b11ce
2145,4.0,4620,56ae25223
2146,5.0,8323,6afe7ee11
2147,1.0,4688,853fc56da
2148,3.0,14149,8240f1522
2149,4.0,10330,aca81d4a7
2150,5.0,9158,c79019195
2151,1.0,12313,d4b5c41ac
2152,4.0,13169,79786edcd
2153,7.0,4282,c3b263e8f
2154,5.0,4908,e89b02af3
2155,4.0,453,c8208c3c9
2156,1.0,641,30908fb77
2157,2.0,2156,a8c336257
2158,4.0,12772,baf543aa6
2159,4.0,2422,ff3d455a0
2160,1.0,2068,bec49d8b7
2161,1.0,11840,b0a8a88a0
2162,2.0,10800,330943a7e
2163,3.0,13572,65c1d2996
2164,1.0,2375,ac94029d4
2165,8.0,5987,cc607ef5c
2166,7.0,8858,19f5a15ab
2167,3.0,6366,3f108e7bc
2168,4.0,11071,113bc00e8
2169,2.0,254,c2346525a
2170,3.0,8046,1c69743d6
2171,13.0,12242,473280639
2172,15.0,1535,6da65afb8
2173,3.0,5463,9a96189d5
2174,1.0,13388,e267af6d8
2175,5.0,13075,c55f2f503
2176,3.0,10252,9ca5f1891
2177,2.0,10785,3d751fe45
2178,5.0,11196,777f82721
2179,4.0,12537,b1988cdd5
2180,2.0,11112,67c74483f
2181,1.0,7253,53ef098c0
2182,5.0,9915,f0ba86cc6
2183,2.0,12346,f454ac205
2184,5.0,72,1e62e6022
2185,0.0,13920,abf02f04c
2186,3.0,14828,3060d192f
2187,2.0,3892,deb7136ba
2188,4.0,14941,71d3ecea7
2189,1.0,5989,f29cacb97
2190,6.0,11850,942af9028
2191,3.0,2868,4c74d479c
2192,1.0,14164,f64fd2354
2193,1.0,14364,e4424b719
2194,1.0,8568,1c4afcc03
2195,4.0,1139,48f5de7e9
2196,2.0,9268,7ca5ee472
2197,8.0,2539,ef9154afe
2198,2.0,3168,f432156e6
2199,20.0,866,14ae60869
2200,2.0,10130,c576fd55e
2201,2.0,5663,af1c2888d
2202,2.0,12314,8daa38a67
2203,4.0,11086,62817491e
2204,4.0,1194,32aa78316
2205,5.0,9577,59a23bac0
2206,1.0,11710,637186543
2207,3.0,9285,5e1c62c0a
2208,3.0,11370,d8a48180b
2209,5.0,4687,b1dd64fa6
2210,3.0,7897,53bb1d133
2211,12.0,9895,68838474a
2212,6.0,7606,960de1fad
2213,1.0,12082,0e7ca23c9
2214,8.0,11044,8cc02d983
2215,18.0,6905,f2816bd92
2216,0.0,2499,108da3f0d
2217,3.0,10793,5884b684d
2218,1.0,7521,964dd458f
2219,15.0,6227,e3935c62d
2220,1.0,7060,752c4af59
2221,6.0,4164,58b4ba48f
2222,3.0,10345,2267e1584
2223,5.0,873,f195c540d
2224,4.0,14557,c7561189e
2225,9.0,8272,f662bdf71
2226,1.0,10572,7a6ef9da1
2227,5.0,4567,f6fac7b56
2228,7.0,14902,dabcf0e55
2229,2.0,5889,9278f7216
2230,6.0,6117,953416879
2231,3.0,1419,c23b2926e
2232,2.0,2569,0e4cf50f4
2233,1.0,13307,30d293a39
2234,2.0,8368,35f9132e5
2235,3.0,8507,3aa4a07dc
2236,5.0,10947,e2c1b469e
2237,2.0,11957,0f012474b
2238,4.0,3615,18a8b9b6e
2239,5.0,8978,5fc06cf73
2240,1.0,875,7ddc32b12
2241,5.0,14901,3c8468196
2242,3.0,1487,e61aceb9e
2243,3.0,4710,920cfaad3
2244,9.0,3534,d719027fd
2245,5.0,8344,5da6b63bc
2246,4.0,8946,81a805fda
2247,1.0,9319,5fc55b842
2248,4.0,8239,d87ff9c80
2249,3.0,7212,f32a2c20a
2250,5.0,12426,71eac2c5e
2251,2.0,143,48b418070
2252,4.0,11847,a5205f8ab
2253,2.0,12369,e37ad2cc2
2254,5.0,12517,92d4c1513
2255,5.0,3864,8ccb8778d
2256,5.0,5711,ebd16285e
2257,2.0,13108,7cd4ec150
2258,2.0,12290,8c7b2f093
2259,1.0,13126,0ace65bc4
2260,0.0,14294,10a093758
2261,3.0,11892,9167921b2
2262,4.0,11506,12c65f314
2263,5.0,13903,880e13787
2264,8.0,9042,fa773690e
2265,4.0,9563,17d9c9586
2266,3.0,345,ceed27182
2267,2.0,11233,72bfc767c
2268,4.0,4381,cd1e7ec9d
2269,4.0,9773,ae84e47c8
2270,2.0,9312,6b4a3074d
2271,1.0,9270,18095a42f
2272,1.0,1601,f6ae0d580
2273,2.0,14518,a7b91a377
2274,4.0,11923,d229effbf
2275,5.0,4229,efbd4c1e6
2276,3.0,10287,df72d8a20
2277,2.0,10326,07b2a1416
2278,1.0,9203,1c4d99f6e
2279,2.0,9913,4c04c9cba
2280,7.0,4340,582c02d86
2281,1.0,791,a372e8416
2282,8.0,12595,0e5d845dc
2283,2.0,7312,f2472c8dd
2284,5.0,12442,4e8ae40c0
2285,1.0,12322,7ac41d8ae
2286,2.0,14271,05d2022eb
2287,3.0,3355,530c897a2
2288,5.0,12612,cb860243c
2289,5.0,10563,bbd704c14
2290,2.0,12380,806bcf604
2291,5.0,3511,bd3fb8531
2292,1.0,8951,a54497b9a
2293,1.0,2643,448770499
2294,4.0,3445,9c583aec6
2295,4.0,5186,41a7d5bc2
2296,2.0,13570,cff3127ad
2297,4.0,6640,3991dd72d
2298,1.0,5733,355cc5db7
2299,3.0,9749,78599649f
2300,1.0,6707,5dbd7f61b
2301,1.0,6828,62bf4037c
2302,2.0,12538,309f63a00
2303,21.0,9857,f8710e158
2304,3.0,5530,d2d48985e
2305,5.0,10730,e46744bb9
2306,3.0,7963,5e9539f73
2307,1.0,11789,245d6e033
2308,6.0,8897,db0875ffd
2309,0.0,7219,88cc4d5af
2310,4.0,6017,9514ed3eb
2311,5.0,6454,04ea19d2b
2312,1.0,6380,e754315db
2313,1.0,1798,8ba1566de
2314,5.0,12294,6b94af372
2315,2.0,6108,edb8ace3a
2316,1.0,2078,ecad98f44
2317,15.0,3365,1077fb67a
2318,2.0,4463,ca7075738
2319,5.0,8157,d51b2e785
2320,6.0,10859,109d21b69
2321,5.0,11732,269a6756f
2322,5.0,10652,742dcad55
2323,4.0,7586,b558d016b
2324,2.0,1714,9b95ec85b
2325,1.0,4803,7026f3191
2326,2.0,8474,660dd8ded
2327,1.0,11604,e7f5a8bd0
2328,3.0,8550,1c138e187
2329,1.0,11577,d69a1f2a1
2330,2.0,4840,f6575f08d
2331,1.0,14288,7d0aedfb3
2332,2.0,5712,bed0c276d
2333,2.0,3700,0b6064845
2334,5.0,8707,a72492a9d
2335,1.0,521,6c48c9154
2336,3.0,12782,a1ba2f016
2337,4.0,9320,dde4e26d1
2338,1.0,13297,b5d3858ae
2339,4.0,12258,11db3b853
2340,10.0,12081,b4835265a
2341,10.0,6806,6a864757b
2342,1.0,850,d8fceeb86
2343,12.0,14067,e4a48ef49
2344,14.0,1138,5419155f2
2345,5.0,11028,09ef02857
2346,7.0,11163,e58bebf13
2347,5.0,4039,984efb177
2348,5.0,7038,3c5a98448
2349,2.0,14574,e31df86bc
2350,3.0,1336,e25112cac
2351,11.0,9101,628e30f3b
2352,3.0,11320,dcdb6907c
2353,2.0,10975,d76134f00
2354,7.0,8760,197c5ed9d
2355,3.0,8810,ae17429ae
2356,0.0,8433,bc1b742f4
2357,1.0,2691,c8049d235
2358,5.0,8635,33ed78569
2359,5.0,10953,117059fe3
2360,2.0,13784,4d7578341
2361,2.0,13295,0d94f0378
2362,5.0,4220,fc32a88f1
2363,2.0,10943,62bf39bdf
2364,6.0,10041,8e6223402
2365,3.0,2554,1d4d75d35
2366,5.0,2010,c05b7439a
2367,5.0,1369,de67abe0b
2368,3.0,7933,0011d7c25
2369,1.0,3974,3a3dc1dab
2370,1.0,14456,7d2811dc5
2371,3.0,4413,1fd2f589f
2372,1.0,5703,14bff008a
2373,1.0,4423,cf78e66fd
2374,2.0,11396,56d6e2c8b
2375,2.0,4900,861c903b6
2376,0.0,7071,a972fe14a
2377,3.0,6143,9a21528ec
2378,5.0,8162,205714da6
2379,1.0,10907,bbaa4a431
2380,4.0,1021,f93283e0c
2381,5.0,5560,f1f4773bf
2382,8.0,3105,0e47fe631
2383,0.0,12485,2898238f2
2384,2.0,11768,eeb377c0b
2385,5.0,3851,e801cb768
2386,4.0,4185,15be0f894
2387,13.0,5986,acd81a109
2388,5.0,3069,09898b12e
2389,5.0,1334,b3c62d7f8
2390,3.0,4248,6c9696bc5
2391,4.0,3903,435f419f9
2392,10.0,7724,302eb3771
2393,5.0,4430,657a54d36
2394,6.0,13815,a3cc5de2b
2395,3.0,2197,917c0bc2b
2396,5.0,10140,9a719040f
2397,2.0,11786,fd2d48292
2398,3.0,7856,2fe763187
2399,5.0,12536,1f0bb9d58
2400,6.0,12647,b887b2037
2401,6.0,7528,3d13aab91
2402,2.0,10364,b599b3fb2
2403,2.0,5302,7f6779706
2404,1.0,4034,945bf5e17
2405,5.0,8315,ab2254697
2406,0.0,4931,7ebe13a93
2407,13.0,11680,9351715a9
2408,4.0,12377,c0b75d155
2409,1.0,14382,552bb16e5
2410,3.0,7594,a80687cf1
2411,5.0,11595,7b8a09f2d
2412,1.0,13881,d2a1b5401
2413,3.0,3795,71cb2e2d0
2414,2.0,5758,acde4eb5b
2415,1.0,812,855de7c89
2416,2.0,3570,c92cdde7f
2417,1.0,7399,b77b75f2d
2418,0.0,5185,ef0fde5be
2419,2.0,9398,5aefb7197
2420,2.0,9556,9afc068ae
2421,0.0,8744,73704a89b
2422,5.0,13860,1aabe595c
2423,8.0,5210,a96f0d5bc
2424,1.0,9491,01d646ea8
2425,6.0,9717,028d42a4b
2426,5.0,11253,8facdc86a
2427,2.0,14247,ca8306c33
2428,2.0,12228,86d20d7e4
2429,4.0,7250,9dfee7db3
2430,3.0,7752,57aa560b5
2431,4.0,2423,17a5487d2
2432,7.0,8146,50d2b5839
2433,10.0,10025,4b148edd2
2434,5.0,1849,3e2c46391
2435,2.0,2155,282139c6d
2436,5.0,8678,f48338adb
2437,1.0,10187,31653bea0
2438,1.0,14734,47787f847
2439,5.0,4574,9bd70dc2b
2440,7.0,1248,6593bd2a2
2441,2.0,14356,cc563b215
2442,2.0,10404,411bb17a0
2443,1.0,4134,8ce0f64b4
2444,2.0,2181,a362ad62e
2445,3.0,10737,c62a2a817
2446,5.0,3606,a91141912
2447,1.0,6536,6db8c5110
2448,1.0,6942,a86cf6b79
2449,10.0,6574,2852d3c30
2450,21.0,656,b8bf2c090
2451,3.0,14301,d37659c5d
2452,3.0,11685,cb11e3261
2453,5.0,6215,45dba413a
2454,3.0,2201,dd79180bc
2455,5.0,6223,08d17d82a
2456,4.0,11121,ddafef3c4
2457,2.0,9591,a9c3f27cc
2458,4.0,2699,cef342d22
2459,9.0,3571,0d6b42991
2460,5.0,4069,e1cd176b5
2461,5.0,3588,022606901
2462,4.0,1660,d0b9282c8
2463,1.0,4291,f6ec35f31
2464,6.0,554,8885f346b
2465,2.0,5798,3c59aa98d
2466,6.0,6916,edeab1cc8
2467,1.0,4499,0a4fc94e5
2468,2.0,11658,ec39cb917
2469,4.0,3199,832a83f42
2470,1.0,14353,e276a9ad1
2471,9.0,5284,0173c456c
2472,3.0,4686,d9f772c36
2473,2.0,11107,6c7db281b
2474,4.0,8097,49d4a0adf
2475,5.0,1090,8dd958339
2476,2.0,8519,a684871b0
2477,2.0,2998,695925a2a
2478,3.0,8704,16316fb49
2479,15.0,55,f6551137d
2480,4.0,1262,f1cc9dd25
2481,5.0,4241,94ae813d8
2482,3.0,13814,aa68a3672
2483,1.0,6449,de7114b0e
2484,3.0,14143,2172fb9fa
2485,0.0,7442,9f56880b6
2486,4.0,13596,b65f00ae4
2487,16.0,6604,6fcee4bee
2488,1.0,3567,b52b8d946
2489,4.0,9379,75f3f26cd
2490,9.0,12074,2e12f4152
2491,3.0,6698,6219a1e79
2492,3.0,9226,8396c07c5
2493,1.0,3763,ca3dbbaa3
2494,5.0,10385,07128a0d8
2495,4.0,2631,9daaa4e8f
2496,3.0,3735,68e6d1bd7
2497,5.0,635,27268f547
2498,5.0,4390,1965d2288
2499,10.0,14078,7dcbe3383
2500,1.0,10319,97094f7ec
2501,3.0,14940,3ef9ac2a6
2502,3.0,8400,9e3e99760
2503,3.0,11159,0dd5c500a
2504,4.0,2683,68d430cbd
2505,2.0,5410,725ee6572
2506,4.0,7732,0d4b69793
2507,1.0,794,96a1bce27
2508,2.0,1568,5f2623cb9
2509,1.0,1180,235572f38
2510,5.0,13263,43b99bc40
2511,1.0,11203,81b753aaa
2512,7.0,13863,42af80bc3
2513,12.0,2098,b02fcb74b
2514,5.0,1784,f319a49de
2515,5.0,10324,015fdb354
2516,1.0,1346,245434d5d
2517,1.0,125,33db028cb
2518,5.0,9997,0dff88b6f
2519,5.0,10080,dcd8e75d3
2520,5.0,4829,22a7a8a13
2521,2.0,3781,06b533b04
2522,19.0,4887,2fb24b53d
2523,7.0,5212,e4f7394ef
2524,1.0,3518,ca967745b
2525,3.0,2069,873996ad0
2526,2.0,61,f0ef9c777
2527,1.0,9123,e156e8aa0
2528,2.0,5964,0a0862717
2529,5.0,1477,bedd7f1e7
2530,1.0,7062,d4c6c89ab
2531,3.0,3953,09b3b9dfd
2532,4.0,3097,7d7fddaed
2533,1.0,13087,de2d4f372
2534,5.0,4002,0bf2506a5
2535,1.0,7411,86855ddfd
2536,2.0,5721,4effbea00
2537,5.0,14944,a9772bfa3
2538,4.0,13502,1811b1412
2539,5.0,1847,236824e39
2540,1.0,2560,c6e763332
2541,5.0,6053,8a72708bc
2542,3.0,12318,3ebe9f7af
2543,6.0,3577,f6db28991
2544,4.0,6846,cb07ad856
2545,15.0,5747,8d83c952c
2546,7.0,4537,262d7f006
2547,3.0,11347,8b6690d89
2548,8.0,3624,cc4e55d5b
2549,5.0,4236,3a97c693e
2550,10.0,3278,ae116d640
2551,4.0,6720,57f2482cc
2552,5.0,5009,fe09dbb56
2553,0.0,1204,d6a2a2e37
2554,4.0,9784,49b868ae2
2555,2.0,9569,40fa64194
2556,3.0,10125,7c82670f8
2557,2.0,2368,2d9bdbca9
2558,3.0,1169,ab2bb4a0c
2559,5.0,14973,941880ea3
2560,6.0,12200,e56dc823a
2561,2.0,6226,cb0e74ef1
2562,7.0,6861,8aa432e1d
2563,2.0,9511,f2be40d43
2564,1.0,7924,956548cd3
2565,4.0,5981,d1f444e66
2566,3.0,7530,8d91ae666
2567,7.0,11534,c5574bf3d
2568,7.0,6468,d1265050f
2569,4.0,1674,8b1be44c6
2570,1.0,12590,035ff37c6
2571,4.0,3400,72c626d6c
2572,1.0,2443,01dac4b22
2573,5.0,7772,1100bff90
2574,2.0,3879,adbce8472
2575,7.0,7469,b38e94f39
2576,2.0,10958,65f311c09
2577,2.0,10993,a90161422
2578,2.0,11769,936fc22ce
2579,2.0,9712,9ceada263
2580,4.0,13503,3dd380ccb
2581,3.0,10706,929528b36
2582,5.0,11695,65ba8b6a0
2583,2.0,313,aafb75ee8
2584,4.0,13277,550f8a3da
2585,5.0,12476,fed799a78
2586,4.0,8885,9684a1603
2587,2.0,8075,1696809dd
2588,8.0,11580,b589d804e
2589,2.0,4041,d46a58371
2590,1.0,5728,8c76e6356
2591,8.0,9131,4d7fd1ee8
2592,4.0,12444,a46ad5cc3
2593,3.0,12483,f80157011
2594,4.0,2768,4b6c04393
2595,1.0,14712,316f30229
2596,3.0,4967,111be067f
2597,14.0,10288,244144067
2598,5.0,8945,b356b0f05
2599,2.0,11828,c996b2baf
2600,4.0,2231,ca902248f
2601,3.0,4847,03e429963
2602,2.0,6952,d3fd60eb9
2603,3.0,2555,1e0be9e49
2604,2.0,13370,1a783228c
2605,1.0,4419,cf8250644
2606,4.0,7384,199277f1a
2607,6.0,1938,c66946e39
2608,5.0,11165,a1543decd
2609,1.0,14871,5aff9022b
2610,1.0,6520,704502836
2611,5.0,4194,c228bf013
2612,8.0,14613,f6dc58442
2613,4.0,950,6dac572be
2614,2.0,12701,f4ab04385
2615,10.0,1306,c5f20f40f
2616,2.0,11218,6ca8ebdbd
2617,5.0,12264,a1b34954b
2618,5.0,11611,1da3eb996
2619,10.0,10045,620ebd7ab
2620,4.0,9847,79f358573
2621,2.0,8630,992170cac
2622,4.0,1089,df8ad80b3
2623,1.0,10268,c7bb75711
2624,6.0,12010,829ba7bfc
2625,4.0,7912,4247730f1
2626,4.0,7479,6afc6acee
2627,4.0,3910,96eb3ec09
2628,1.0,4244,19fe29040
2629,5.0,519,2cea63a41
2630,1.0,8979,64ca585d9
2631,5.0,13199,bf5bf91a2
2632,4.0,8160,c8eef30bd
2633,5.0,11785,c18984292
2634,0.0,8404,2b54ee792
2635,0.0,6685,a5d08e982
2636,4.0,1014,50e35cd70
2637,5.0,9680,b84319e15
2638,10.0,2641,82a108c64
2639,2.0,13076,e03ec2a98
2640,23.0,2572,b2385d700
2641,4.0,5891,5a2a433c2
2642,4.0,3224,dbaa03313
2643,3.0,12111,aca9ddee7
2644,2.0,1,6296e909a
2645,1.0,9648,5e2e48bb2
2646,3.0,5935,9137fd90c
2647,1.0,5475,cca005e96
2648,6.0,12393,8b9c38ed2
2649,2.0,12324,8e7c16add
2650,5.0,4817,8849d3fe9
2651,1.0,3145,6c4d7b09f
2652,5.0,11245,581100fe5
2653,2.0,14024,c8e2a9092
2654,5.0,10498,02126e289
2655,3.0,10995,67af2d880
2656,2.0,10658,d3975e1bd
2657,2.0,13702,b98610e10
2658,1.0,6370,0935ab38b
2659,1.0,9553,ad4a30fcb
2660,2.0,5785,a804fded8
2661,1.0,10124,2b530d418
2662,5.0,12555,567c1ab71
2663,5.0,6077,08428917f
2664,2.0,11468,071753413
2665,3.0,1006,6f3e5cbd8
2666,2.0,6162,393d6bda1
2667,4.0,272,d13d93f69
2668,5.0,3383,655bbbcc8
2669,6.0,8772,7a12e98d8
2670,2.0,6078,31049dc2e
2671,0.0,28,7843a9dca
2672,4.0,7679,5bf976dd7
2673,5.0,6020,634aa14a6
2674,9.0,13226,b76e8c452
2675,2.0,1295,da5295aaf
2676,3.0,8797,da9b9db54
2677,2.0,11254,3d6f14681
2678,2.0,8731,28c34e5dc
2679,6.0,1628,1d86e9d9d
2680,4.0,574,6e3457b81
2681,6.0,2309,d79342c8d
2682,5.0,9584,3091d24f7
2683,3.0,4286,49382f7cb
2684,3.0,2760,eeaa5c53c
2685,5.0,4005,95bc62678
2686,3.0,6940,cacbb858d
2687,5.0,8806,1942485f8
2688,3.0,6207,95183dc31
2689,5.0,8134,5550a68dc
2690,5.0,14474,2e77e1c78
2691,4.0,789,0b57ed86a
2692,5.0,2077,bf5c5cded
2693,5.0,3722,00156db4a
2694,7.0,7526,8bb34f0bd
2695,3.0,14677,64f5e2165
2696,2.0,4650,ba2d4e877
2697,3.0,13514,72ec92880
2698,11.0,10969,6220663ba
2699,0.0,5752,98c36e1bc
2700,6.0,3248,865ee6652
2701,5.0,2312,324266c95
2702,4.0,13055,9679275a3
2703,4.0,11906,0ca524fbf
2704,3.0,1957,ec53a8725
2705,2.0,6344,0ce866a04
2706,5.0,4210,d38ce48c2
2707,2.0,10194,5a181c011
2708,9.0,14300,5fb30c1f8
2709,1.0,10055,da9d78f91
2710,5.0,1793,e914bdd82
2711,4.0,9793,d29627289
2712,2.0,12811,b623d9449
2713,3.0,6372,796cc971d
2714,0.0,11921,c7b7dae2f
2715,2.0,12213,41be30895
2716,3.0,11616,b60bc872a
2717,6.0,6843,ffe2090b3
2718,3.0,937,753654b70
2719,2.0,5608,f64329201
2720,3.0,13018,10b669bea
2721,7.0,7866,331a745e8
2722,2.0,14082,09e64ce2b
2723,3.0,527,da8a47785
2724,7.0,10214,26e7f93e8
2725,3.0,4854,2a6884283
2726,6.0,11600,474294e01
2727,5.0,3649,a338df612
2728,3.0,4172,ef15e6473
2729,4.0,14410,35542ae3e
2730,5.0,11312,cf574d89c
2731,3.0,10418,8fd0bd843
2732,4.0,10446,330f0e19a
2733,1.0,11888,4348b169a
2734,2.0,6519,bc4ba2449
2735,2.0,337,1a9733afb
2736,1.0,7512,739cd2d34
2737,14.0,1446,183eb3fe5
2738,4.0,2705,d3b7112e2
2739,1.0,1379,a710da2ab
2740,6.0,9031,d9f692e74
2741,5.0,1232,885b7eb9b
2742,4.0,14094,f3f8d5097
2743,2.0,6505,a08030c6f
2744,8.0,1571,8a99dadaf
2745,3.0,2985,d81afce4f
2746,5.0,11272,6edf4f4fb
2747,4.0,14221,608a58c8e
2748,4.0,8065,a36e3c034
2749,3.0,3807,7adb5f44c
2750,3.0,3540,7a23bdbdc
2751,8.0,8876,c83fe0079
2752,2.0,666,cd4b05b8c
2753,3.0,14121,7d967671a
2754,0.0,6069,1fab6916e
2755,1.0,10872,9fd0556db
2756,13.0,9637,708189e17
2757,3.0,9869,0cf709a59
2758,4.0,7886,15592a54c
2759,5.0,9222,1b6c5e07e
2760,4.0,10690,3fe9fc6d9
2761,5.0,1467,467aed7e3
2762,5.0,4982,21415ffb9
2763,3.0,8884,382cc2865
2764,2.0,13713,b76a6d7fa
2765,3.0,4870,c37b2e740
2766,1.0,7873,23eddf1d8
2767,6.0,14517,a76cbec89
2768,1.0,10715,387a2639c
2769,2.0,10911,504134fd6
2770,5.0,5822,3d011c364
2771,5.0,1350,a43071ff0
2772,16.0,14982,54b6c1d72
2773,5.0,6086,75f3c2e36
2774,10.0,6588,fa3b3b348
2775,8.0,207,8f85e69ee
2776,5.0,11920,c67b1fa40
2777,3.0,14685,0fcc3cefe
2778,9.0,7388,bd9d521c5
2779,3.0,5429,68a603bc3
2780,1.0,5778,d72bc7206
2781,5.0,10077,94e9e97c4
2782,5.0,14136,39c654eaa
2783,1.0,6442,3a9efa973
2784,4.0,4015,f3452afa7
2785,2.0,10670,a6e1f4504
2786,1.0,5876,624fadbd4
2787,4.0,3637,bd6a6d0dd
2788,1.0,12911,bdc5ffaba
2789,2.0,7523,999d24492
2790,1.0,13828,78cf59390
2791,2.0,2173,8aeda3d62
2792,4.0,1801,df7aa79a4
2793,5.0,2941,2318247fb
2794,3.0,293,0fb490c9b
2795,2.0,8517,09e39377f
2796,8.0,1093,e93afb8ff
2797,2.0,11857,02e072cbd
2798,3.0,1257,f95b39c6f
2799,5.0,4008,03f65bdd3
2800,3.0,12724,7f33563b9
2801,2.0,6466,133c0e6b9
2802,7.0,10515,d64f2a210
2803,1.0,2149,79d5a2615
2804,1.0,11644,782abc2de
2805,7.0,140,b36616178
2806,4.0,11952,326a3c785
2807,4.0,3458,048519a46
2808,5.0,2464,cac68ead1
2809,1.0,1593,7e29d5a9d
2810,2.0,7014,7efd5522d
2811,1.0,12464,0490c8df1
2812,5.0,6740,36f7fbe5a
2813,7.0,2745,bcb22c952
2814,4.0,12378,e1c5d6ba9
2815,3.0,9549,bcfea60f5
2816,10.0,559,f17d4ab32
2817,4.0,7375,0d55c2e2b
2818,1.0,7177,581ce1910
2819,6.0,10218,90a7474ec
2820,7.0,838,da5ae6aa9
2821,2.0,1982,4e8daf8fd
2822,5.0,10919,f8b975c1f
2823,3.0,12371,fe4b30cfb
2824,4.0,13806,bf0dd40e3
2825,1.0,11736,ac498ad58
2826,5.0,7019,17b2d4cd6
2827,3.0,4128,8071fcc9c
2828,7.0,1724,022b37ea0
2829,4.0,14951,c6d39a0fa
2830,4.0,1020,76288167b
2831,1.0,12097,fe3d33ae1
2832,3.0,8639,7c4b2e0c0
2833,2.0,6276,a6bc8d1a6
2834,7.0,12232,b991a694f
2835,1.0,5817,36ed4f417
2836,3.0,6789,aeb17dd99
2837,1.0,9649,b9005c792
2838,4.0,5963,11cc5a797
2839,3.0,2448,8f26b1b5c
2840,6.0,1407,d5176f7eb
2841,1.0,9548,ed7754046
2842,7.0,1783,6c3222742
2843,3.0,5951,5fed61438
2844,13.0,13717,f4060848e
2845,4.0,10175,e1d86f0b6
2846,2.0,11285,1e5aeb31d
2847,25.0,12784,6da1ee245
2848,11.0,9707,8a1e12a30
2849,23.0,8079,43fe381b3
2850,3.0,855,7e87938c3
2851,5.0,12668,572e98234
2852,3.0,13322,a6c9fd936
2853,2.0,14344,f6003c18b
2854,2.0,7230,51c04983b
2855,11.0,13380,9d87fbd92
2856,4.0,2679,94ec1c180
2857,6.0,463,75a4a14ac
2858,4.0,11647,cfae2101c
2859,4.0,9422,76b67f389
2860,5.0,4853,f892c5908
2861,13.0,14662,315d0e254
2862,1.0,9903,99859bab7
2863,2.0,9519,73680f695
2864,4.0,9242,4dbcd1d36
2865,1.0,2697,acf9a72ca
2866,10.0,259,1c59cecac
2867,10.0,2750,73f5dad5b
2868,2.0,8181,ff2cf88a0
2869,3.0,5025,21a56b530
2870,5.0,263,d78d1dec0
2871,3.0,747,181fb7dae
2872,3.0,2642,76f668025
2873,2.0,14977,472e86a83
2874,3.0,11910,f982548b8
2875,12.0,1526,fd67a3f2c
2876,1.0,3000,c62de8a15
2877,3.0,2670,52cf4a759
2878,1.0,12120,1c3f75c04
2879,3.0,13440,591909a93
2880,4.0,13173,146f076cf
2881,4.0,8619,9ca6debf5
2882,0.0,11618,729d8ba72
2883,3.0,1787,fe5bc83d2
2884,1.0,6839,955e7c5cf
2885,5.0,7982,f0137d4e3
2886,2.0,8558,9ba7b7b9c
2887,1.0,11032,802290aa5
2888,4.0,6382,14f9ffbbc
2889,3.0,10310,82905a82e
2890,5.0,9117,fa89bfa82
2891,6.0,13123,9a48cc316
2892,1.0,5497,e0ec9b89c
2893,3.0,8511,2f4aa5ad9
2894,0.0,5402,e2ce25661
2895,2.0,1387,f0ee32b27
2896,6.0,7974,e1e58cd50
2897,5.0,4724,8b2be8807
2898,2.0,13130,6bec28b35
2899,2.0,12089,b5475edf9
2900,4.0,11324,96b39751e
2901,6.0,5349,9801a0f9c
2902,8.0,910,4298e4c15
2903,5.0,6891,c0c1504db
2904,4.0,10135,eb5ce7ea2
2905,5.0,13122,1e011d469
2906,1.0,10528,167a6dcf3
2907,0.0,10484,d36f47834
2908,2.0,556,87f4ea65f
2909,3.0,2559,a561b2487
2910,5.0,8722,e74dd0579
2911,5.0,5979,a1d05e431
2912,1.0,5652,4d1d8655a
2913,3.0,4089,d83f60849
2914,4.0,3572,86ea9dda0
2915,1.0,4336,4696fb463
2916,5.0,2714,7b7b7b71e
2917,5.0,12056,4f66fa0c3
2918,2.0,6368,bc7ea0a3e
2919,7.0,592,c69842c2a
2920,1.0,2412,de993a4c9
2921,2.0,11295,e5aa922d9
2922,2.0,7079,13469fc6a
2923,5.0,11871,f64a1a0c4
2924,1.0,4200,acca0b2ed
2925,6.0,3616,f3a9092a2
2926,1.0,14697,3313aa06f
2927,3.0,14724,27b5a9db5
2928,1.0,12498,c6f877dda
2929,9.0,13274,835fdb873
2930,1.0,3290,ed10d7ee5
2931,1.0,5105,9115f86cb
2932,5.0,481,86547ad6d
2933,0.0,6763,12537b530
2934,1.0,7615,e6151d695
2935,7.0,8790,81ea0e01a
2936,5.0,7103,b5b9f6e99
2937,6.0,13348,9a627ad95
2938,2.0,5618,c11df559d
2939,3.0,8444,2bbe22924
2940,4.0,11219,9c178d0f4
2941,4.0,1518,e19ee42ce
2942,2.0,8532,a1019e087
2943,2.0,5928,faa62a75b
2944,10.0,1187,71d834666
2945,1.0,11686,03c6478b9
2946,4.0,2014,0f0219fd7
2947,0.0,185,eab8c8c03
2948,5.0,12731,ee4cb45ea
2949,1.0,4717,33eaf34b3
2950,0.0,13928,d8f3da4b6
2951,5.0,174,03b0568b3
2952,12.0,93,370fe2afb
2953,7.0,8000,22c2f101e
2954,3.0,806,c9439e71b
2955,2.0,6018,0b2e2526c
2956,3.0,6496,d5abad72c
2957,5.0,8369,348665874
2958,3.0,13061,f32959003
2959,11.0,12105,4133ec13c
2960,4.0,2248,249af4201
2961,3.0,8764,4cbc3433e
2962,8.0,2369,2ad939a78
2963,4.0,8504,75f582ad6
2964,5.0,6963,e2ecf822a
2965,5.0,3007,5ec697bec
2966,1.0,13188,97e08141e
2967,5.0,13772,c8c8ce5d4
2968,2.0,3557,0822db812
2969,2.0,2118,8d862cd26
2970,4.0,12557,7b84a3913
2971,3.0,2425,9804a7d82
2972,6.0,14717,7eae805cd
2973,6.0,5199,f78698cc4
2974,4.0,11927,0faf7f0ae
2975,2.0,1733,45c2eb379
2976,3.0,5314,5cd76da7d
2977,1.0,9193,43c623f94
2978,3.0,712,90e1edc71
2979,6.0,5237,6c6a5b5ac
2980,1.0,13960,c39793853
2981,1.0,2634,52a88696e
2982,3.0,11242,e276617a4
2983,4.0,5713,c82705cf4
2984,1.0,934,b05a3ca1d
2985,5.0,8496,f60779a3b
2986,5.0,5774,73a2be705
2987,4.0,5447,09cc3f346
2988,3.0,2316,d03356a0e
2989,1.0,2243,94a4357dd
2990,4.0,4638,a9e4d6df7
2991,5.0,5228,067cacbb5
2992,1.0,2719,082838f84
2993,5.0,5342,efb7343fa
2994,5.0,9415,6842b7ff9
2995,3.0,11948,8a17130c3
2996,4.0,8732,72b996452
2997,5.0,445,dc1c9f8d5
2998,6.0,13859,9d4cf29f6
2999,9.0,4850,533c528ec
3000,4.0,5451,804e56f9b
3001,5.0,5389,81ecf4cda
3002,3.0,9161,48c9474d9
3003,5.0,5696,ecfcb4430
3004,4.0,12607,75fccfb43
3005,5.0,8389,2aadf6110
3006,5.0,11891,ebc345fe0
3007,1.0,6767,adb33dd61
3008,6.0,7878,d46569700
3009,3.0,9115,d8060a227
3010,5.0,14844,6ef02d7e9
3011,1.0,5759,344b9632c
3012,3.0,3962,7993a02ee
3013,4.0,13057,8717133d3
3014,3.0,4886,7cd5e5195
3015,1.0,473,2e1d3ae52
3016,7.0,14391,f7be274e0
3017,7.0,12694,a3853c992
3018,3.0,8871,5955c1678
3019,3.0,12362,451d17b57
3020,1.0,8811,0a3fc490f
3021,3.0,11046,618bb4def
3022,5.0,6711,0c752844d
3023,4.0,13083,1ac22584b
3024,1.0,13740,336504b7d
3025,4.0,4730,d40e98a9b
3026,13.0,13142,70a7a71fe
3027,7.0,580,487abc5e1
3028,12.0,4342,7cfb6fe9c
3029,2.0,8528,f5b2c6fc0
3030,4.0,3264,a30e92cfd
3031,1.0,14645,ac2f56dbf
3032,4.0,4813,3f834da3b
3033,10.0,8277,f15cd5cd9
3034,3.0,9305,4ae292968
3035,3.0,8524,992feb0f1
3036,4.0,7030,e989ad83f
3037,4.0,8367,6114449db
3038,1.0,11246,a9c968c38
3039,4.0,6480,c239d1834
3040,1.0,13259,fdb71d0c8
3041,5.0,11478,0e922caab
3042,2.0,14101,8b9739cef
3043,3.0,3453,0fd78af13
3044,1.0,10156,8d047d078
3045,1.0,13235,2fa65607f
3046,1.0,6586,d1f01fc04
3047,2.0,7430,b7dda91fe
3048,4.0,1480,b2c120250
3049,2.0,14190,ab1ed5c13
3050,9.0,2766,6e77550de
3051,3.0,3724,0211e2f2d
3052,3.0,14989,a01ab5b30
3053,1.0,11145,011350faf
3054,1.0,5662,6c121d784
3055,11.0,11774,4436738dd
3056,2.0,3773,56b5845d7
3057,1.0,4341,8010a808c
3058,2.0,9928,62d822791
3059,2.0,9067,34fd2f89a
3060,5.0,7146,ae0535c8c
3061,2.0,7644,bd7f07424
3062,7.0,1338,5bc5b43ae
3063,4.0,6101,1b4224c51
3064,1.0,11890,c64c9e2d4
3065,3.0,14571,88af83705
3066,3.0,411,219a1308d
3067,4.0,1228,fe3a83fe5
3068,1.0,1312,5d2f7761c
3069,4.0,13197,02c7d1b74
3070,7.0,14594,727b7e63a
3071,5.0,1188,1a4464471
3072,4.0,12174,5ecd80dba
3073,1.0,3914,039fea576
3074,3.0,4916,90ce48a71
3075,5.0,14512,bd53ebc9a
3076,2.0,1424,a5bed2b62
3077,3.0,13805,1c2dfa92d
3078,1.0,6548,5dbb2fd0b
3079,5.0,12878,29ca8f313
3080,1.0,3498,1d20ba693
3081,3.0,198,1eb8a0278
3082,1.0,10142,318c35c04
3083,3.0,6225,f8b6a9eda
3084,3.0,4338,343962804
3085,2.0,13167,bf20ac1c9
3086,2.0,7057,5e17c1fde
3087,5.0,5372,6d1d7bcd8
3088,2.0,6031,d56096e79
3089,4.0,8697,f93fe66ef
3090,5.0,2470,6b6cdfdfe
3091,11.0,7188,4e290a43a
3092,11.0,4926,eb6bb82fd
3093,5.0,14497,b0d64a249
3094,6.0,11150,6230b6c50
3095,2.0,8233,3d9346cfb
3096,2.0,13193,858b1443e
3097,2.0,5961,2d79d25fa
3098,1.0,13244,e1d40ecc1
3099,4.0,4490,7821d724c
3100,4.0,10358,4c674cc1f
3101,4.0,14452,788ea6e94
3102,2.0,3589,93e058345
3103,4.0,13031,35ce89b5c
3104,1.0,13231,ff618d36f
3105,1.0,12703,4747bead4
3106,8.0,9692,d565f7c6f
3107,1.0,8934,22937e80e
3108,1.0,8559,692bde33a
3109,2.0,14588,ccd14639f
3110,5.0,4613,615afad71
3111,1.0,8342,49a832741
3112,5.0,2454,86386b0c0
3113,1.0,3533,4d09e065d
3114,5.0,13390,218cf1849
3115,2.0,5550,5cc846427
3116,5.0,9113,b7351540f
3117,1.0,7419,24e2e049e
3118,4.0,1325,bde802b84
3119,2.0,14508,0edb4e3b2
3120,2.0,8737,a345b4406
3121,5.0,11416,de08c8d31
3122,3.0,10414,cb9aa1b3a
3123,5.0,12602,02e51a9e2
3124,16.0,7981,227b372a2
3125,2.0,6269,a4b96c3f3
3126,1.0,41,8ee223a17
3127,2.0,13350,6f14bc8cd
3128,2.0,4957,0ef640aaf
3129,6.0,11494,5eec2fedc
3130,1.0,10686,ce6afb606
3131,4.0,484,60b188249
3132,1.0,12150,22d381889
3133,5.0,9606,1f2065428
3134,0.0,3783,36b20cfb5
3135,5.0,6356,c61aef5bc
3136,6.0,387,3b1976326
3137,8.0,12996,3c008b0b7
3138,4.0,9018,274c7f123
3139,1.0,7943,e24a30aaa
3140,5.0,4131,558c419c0
3141,5.0,1723,7a9ca7419
3142,1.0,13298,01b8e6c14
3143,1.0,10435,583d4b36c
3144,2.0,12299,6c4af5f08
3145,3.0,12456,b1e8c0afc
3146,8.0,13833,a892f5fd3
3147,2.0,7265,8e1858e7f
3148,11.0,10347,1b8ef81e3
3149,4.0,6257,16a71f0de
3150,10.0,408,8705145ca
3151,5.0,14792,bec2fe7ad
3152,5.0,735,09c629b05
3153,4.0,6271,d24b8cde0
3154,1.0,75,259b10a3e
3155,6.0,12529,960f1a1d8
3156,3.0,1028,e0b6196d9
3157,5.0,12883,b0d54f76e
3158,1.0,1872,ef86c51b2
3159,3.0,11825,191660250
3160,6.0,13138,506bacb46
3161,3.0,7321,b859b9fa0
3162,9.0,7908,81af50144
3163,4.0,4925,752b2d9c5
3164,5.0,1429,92df22369
3165,9.0,8618,afe9d7dca
3166,3.0,11513,6da091c79
3167,2.0,4432,a9551ed6d
3168,2.0,1002,19dcd4753
3169,4.0,13537,2fd59d272
3170,4.0,7055,ebb34fea1
3171,9.0,7093,f20fa5c38
3172,1.0,245,6c054c4ef
3173,1.0,12791,f3c8fda0f
3174,3.0,11581,87e6807c7
3175,2.0,6473,52c49d6b6
3176,1.0,12495,563eaa005
3177,6.0,2917,6f551693a
3178,6.0,8670,c72bd65dc
3179,8.0,9623,4359d65e7
3180,5.0,3047,a94db6dc4
3181,11.0,8116,f4212d640
3182,2.0,8099,249540f2d
3183,1.0,6284,4ea44a5b0
3184,1.0,14805,27ef6e605
3185,11.0,3310,8d6c8d486
